[{"model": "admin.logentry", "pk": 1, "fields": {"action_time": "2025-01-14T14:32:31.565Z", "user": 1, "content_type": 4, "object_id": "3", "object_repr": "arlo", "action_flag": 1, "change_message": "[{\"added\": {}}]"}}, {"model": "admin.logentry", "pk": 2, "fields": {"action_time": "2025-01-14T14:32:49.364Z", "user": 1, "content_type": 4, "object_id": "4", "object_repr": "jamie", "action_flag": 1, "change_message": "[{\"added\": {}}]"}}, {"model": "admin.logentry", "pk": 3, "fields": {"action_time": "2025-01-14T14:33:03.743Z", "user": 1, "content_type": 4, "object_id": "5", "object_repr": "shazia", "action_flag": 1, "change_message": "[{\"added\": {}}]"}}, {"model": "admin.logentry", "pk": 4, "fields": {"action_time": "2025-01-14T14:33:14.551Z", "user": 1, "content_type": 4, "object_id": "6", "object_repr": "elena", "action_flag": 1, "change_message": "[{\"added\": {}}]"}}, {"model": "admin.logentry", "pk": 5, "fields": {"action_time": "2025-01-14T14:33:34.343Z", "user": 1, "content_type": 4, "object_id": "3", "object_repr": "arlo", "action_flag": 2, "change_message": "[{\"changed\": {\"fields\": [\"Staff status\"]}}]"}}, {"model": "admin.logentry", "pk": 6, "fields": {"action_time": "2025-01-14T14:34:43.168Z", "user": 1, "content_type": 4, "object_id": "6", "object_repr": "elena", "action_flag": 2, "change_message": "[{\"changed\": {\"fields\": [\"Staff status\"]}}]"}}, {"model": "admin.logentry", "pk": 7, "fields": {"action_time": "2025-01-14T14:34:55.762Z", "user": 1, "content_type": 4, "object_id": "4", "object_repr": "jamie", "action_flag": 2, "change_message": "[{\"changed\": {\"fields\": [\"Staff status\"]}}]"}}, {"model": "admin.logentry", "pk": 8, "fields": {"action_time": "2025-01-14T14:35:06.289Z", "user": 1, "content_type": 4, "object_id": "5", "object_repr": "shazia", "action_flag": 2, "change_message": "[{\"changed\": {\"fields\": [\"Staff status\"]}}]"}}, {"model": "admin.logentry", "pk": 9, "fields": {"action_time": "2025-01-14T14:36:43.910Z", "user": 1, "content_type": 4, "object_id": "7", "object_repr": "liam", "action_flag": 1, "change_message": "[{\"added\": {}}]"}}, {"model": "admin.logentry", "pk": 10, "fields": {"action_time": "2025-01-14T14:39:09.729Z", "user": 1, "content_type": 4, "object_id": "8", "object_repr": "isla", "action_flag": 1, "change_message": "[{\"added\": {}}]"}}, {"model": "admin.logentry", "pk": 11, "fields": {"action_time": "2025-01-17T14:33:47.655Z", "user": 1, "content_type": 11, "object_id": "1", "object_repr": "Comment Delicious! by elena", "action_flag": 1, "change_message": "[{\"added\": {}}]"}}, {"model": "admin.logentry", "pk": 12, "fields": {"action_time": "2025-01-17T14:34:11.565Z", "user": 1, "content_type": 11, "object_id": "2", "object_repr": "Comment Wow, looks amazing.\r\n\r\nWill cook this tonight by jamie", "action_flag": 1, "change_message": "[{\"added\": {}}]"}}, {"model": "admin.logentry", "pk": 13, "fields": {"action_time": "2025-01-17T15:22:58.477Z", "user": 1, "content_type": 11, "object_id": "3", "object_repr": "Comment Amazing by ailsa", "action_flag": 2, "change_message": "[{\"changed\": {\"fields\": [\"Approved\"]}}]"}}, {"model": "admin.logentry", "pk": 14, "fields": {"action_time": "2025-01-17T17:02:56.037Z", "user": 1, "content_type": 11, "object_id": "3", "object_repr": "Comment Amazingwork by ailsa", "action_flag": 2, "change_message": "[{\"changed\": {\"fields\": [\"Approved\"]}}]"}}, {"model": "admin.logentry", "pk": 15, "fields": {"action_time": "2025-01-17T17:03:22.030Z", "user": 1, "content_type": 11, "object_id": "4", "object_repr": "Comment looks great by ailsa", "action_flag": 2, "change_message": "[{\"changed\": {\"fields\": [\"Approved\"]}}]"}}, {"model": "admin.logentry", "pk": 16, "fields": {"action_time": "2025-01-17T17:19:33.751Z", "user": 1, "content_type": 11, "object_id": "5", "object_repr": "Comment great by ailsa", "action_flag": 3, "change_message": ""}}, {"model": "admin.logentry", "pk": 17, "fields": {"action_time": "2025-01-17T17:19:33.794Z", "user": 1, "content_type": 11, "object_id": "6", "object_repr": "Comment great by ailsa", "action_flag": 3, "change_message": ""}}, {"model": "admin.logentry", "pk": 18, "fields": {"action_time": "2025-01-17T17:19:33.823Z", "user": 1, "content_type": 11, "object_id": "7", "object_repr": "Comment great by ailsa", "action_flag": 3, "change_message": ""}}, {"model": "admin.logentry", "pk": 19, "fields": {"action_time": "2025-01-17T17:22:57.623Z", "user": 1, "content_type": 11, "object_id": "11", "object_repr": "Comment love it by ailsa", "action_flag": 2, "change_message": "[{\"changed\": {\"fields\": [\"Approved\"]}}]"}}, {"model": "admin.logentry", "pk": 20, "fields": {"action_time": "2025-01-17T17:27:48.413Z", "user": 1, "content_type": 11, "object_id": "12", "object_repr": "Comment looks great! by ailsa", "action_flag": 2, "change_message": "[{\"changed\": {\"fields\": [\"Approved\"]}}]"}}, {"model": "admin.logentry", "pk": 21, "fields": {"action_time": "2025-01-18T14:01:34.329Z", "user": 1, "content_type": 7, "object_id": "1", "object_repr": "Roasted White Bean and Pea Pesto Bowl", "action_flag": 2, "change_message": "[{\"changed\": {\"fields\": [\"Image\"]}}]"}}, {"model": "admin.logentry", "pk": 22, "fields": {"action_time": "2025-01-20T11:30:59.376Z", "user": 1, "content_type": 7, "object_id": "5", "object_repr": "Healthy Yellow Chicken Curry", "action_flag": 2, "change_message": "[{\"changed\": {\"fields\": [\"Ingredients\"]}}]"}}, {"model": "admin.logentry", "pk": 23, "fields": {"action_time": "2025-01-20T11:40:14.382Z", "user": 1, "content_type": 7, "object_id": "5", "object_repr": "Healthy Yellow Chicken Curry", "action_flag": 2, "change_message": "[{\"changed\": {\"fields\": [\"Instructions\"]}}]"}}, {"model": "admin.logentry", "pk": 24, "fields": {"action_time": "2025-01-20T11:40:38.927Z", "user": 1, "content_type": 7, "object_id": "5", "object_repr": "Healthy Yellow Chicken Curry", "action_flag": 2, "change_message": "[]"}}, {"model": "admin.logentry", "pk": 25, "fields": {"action_time": "2025-01-20T11:41:58.036Z", "user": 1, "content_type": 7, "object_id": "5", "object_repr": "Healthy Yellow Chicken Curry", "action_flag": 2, "change_message": "[]"}}, {"model": "admin.logentry", "pk": 26, "fields": {"action_time": "2025-01-20T11:44:19.257Z", "user": 1, "content_type": 7, "object_id": "5", "object_repr": "Healthy Yellow Chicken Curry", "action_flag": 2, "change_message": "[{\"changed\": {\"fields\": [\"Instructions\"]}}]"}}, {"model": "admin.logentry", "pk": 27, "fields": {"action_time": "2025-01-20T11:45:05.815Z", "user": 1, "content_type": 7, "object_id": "5", "object_repr": "Healthy Yellow Chicken Curry", "action_flag": 2, "change_message": "[{\"changed\": {\"fields\": [\"Instructions\"]}}]"}}, {"model": "admin.logentry", "pk": 28, "fields": {"action_time": "2025-01-20T13:29:49.682Z", "user": 1, "content_type": 7, "object_id": "5", "object_repr": "Healthy Yellow Chicken Curry", "action_flag": 2, "change_message": "[{\"changed\": {\"fields\": [\"Categories\"]}}]"}}, {"model": "admin.logentry", "pk": 29, "fields": {"action_time": "2025-01-20T13:34:30.002Z", "user": 1, "content_type": 7, "object_id": "6", "object_repr": "Mediterranean Mezze Feast Bowl", "action_flag": 1, "change_message": "[{\"added\": {}}]"}}, {"model": "admin.logentry", "pk": 30, "fields": {"action_time": "2025-01-20T13:37:13.421Z", "user": 1, "content_type": 7, "object_id": "7", "object_repr": "Baked Eggs & Garlicky Greens", "action_flag": 1, "change_message": "[{\"added\": {}}]"}}, {"model": "admin.logentry", "pk": 31, "fields": {"action_time": "2025-01-20T13:40:23.096Z", "user": 1, "content_type": 7, "object_id": "7", "object_repr": "Baked Eggs & Garlicky Greens", "action_flag": 2, "change_message": "[{\"changed\": {\"fields\": [\"Author\"]}}]"}}, {"model": "admin.logentry", "pk": 32, "fields": {"action_time": "2025-01-20T13:40:26.349Z", "user": 1, "content_type": 7, "object_id": "6", "object_repr": "Mediterranean Mezze Feast Bowl", "action_flag": 2, "change_message": "[{\"changed\": {\"fields\": [\"Author\"]}}]"}}, {"model": "admin.logentry", "pk": 33, "fields": {"action_time": "2025-01-20T13:41:41.655Z", "user": 1, "content_type": 7, "object_id": "8", "object_repr": "Crispy & Spiced Chickpea Bowl", "action_flag": 1, "change_message": "[{\"added\": {}}]"}}, {"model": "admin.logentry", "pk": 34, "fields": {"action_time": "2025-01-20T13:42:01.981Z", "user": 1, "content_type": 7, "object_id": "8", "object_repr": "Crispy & Spiced Chickpea Bowl", "action_flag": 2, "change_message": "[{\"changed\": {\"fields\": [\"Image\"]}}]"}}, {"model": "admin.logentry", "pk": 35, "fields": {"action_time": "2025-01-20T13:42:17.442Z", "user": 1, "content_type": 7, "object_id": "8", "object_repr": "Crispy & Spiced Chickpea Bowl", "action_flag": 2, "change_message": "[]"}}, {"model": "admin.logentry", "pk": 36, "fields": {"action_time": "2025-01-20T13:43:58.509Z", "user": 1, "content_type": 7, "object_id": "9", "object_repr": "Golden & Aromatic Chicken Curry", "action_flag": 1, "change_message": "[{\"added\": {}}]"}}, {"model": "admin.logentry", "pk": 37, "fields": {"action_time": "2025-01-20T13:45:07.858Z", "user": 1, "content_type": 7, "object_id": "10", "object_repr": "Zesty & Fresh Pesto Pasta", "action_flag": 1, "change_message": "[{\"added\": {}}]"}}, {"model": "admin.logentry", "pk": 38, "fields": {"action_time": "2025-01-20T13:50:05.153Z", "user": 1, "content_type": 7, "object_id": "11", "object_repr": "Cheesy Stuffed Pepper Casserole", "action_flag": 1, "change_message": "[{\"added\": {}}]"}}, {"model": "admin.logentry", "pk": 39, "fields": {"action_time": "2025-01-20T13:50:28.517Z", "user": 1, "content_type": 7, "object_id": "11", "object_repr": "Cheesy Stuffed Pepper Casserole", "action_flag": 2, "change_message": "[{\"changed\": {\"fields\": [\"Image\"]}}]"}}, {"model": "admin.logentry", "pk": 40, "fields": {"action_time": "2025-01-20T13:52:03.616Z", "user": 1, "content_type": 7, "object_id": "12", "object_repr": "Crispy Chicken & Fresh Greens Salad", "action_flag": 1, "change_message": "[{\"added\": {}}]"}}, {"model": "admin.logentry", "pk": 41, "fields": {"action_time": "2025-01-20T13:52:59.292Z", "user": 1, "content_type": 7, "object_id": "5", "object_repr": "Healthy Yellow Chicken Curry", "action_flag": 3, "change_message": ""}}, {"model": "admin.logentry", "pk": 42, "fields": {"action_time": "2025-01-20T13:52:59.327Z", "user": 1, "content_type": 7, "object_id": "4", "object_repr": "Mediterranean Chickpea Bowl", "action_flag": 3, "change_message": ""}}, {"model": "admin.logentry", "pk": 43, "fields": {"action_time": "2025-01-20T13:52:59.357Z", "user": 1, "content_type": 7, "object_id": "3", "object_repr": "Baked Eggs with Greens", "action_flag": 3, "change_message": ""}}, {"model": "admin.logentry", "pk": 44, "fields": {"action_time": "2025-01-20T13:52:59.387Z", "user": 1, "content_type": 7, "object_id": "2", "object_repr": "Asian Cabbage and Tomato Stir-fry", "action_flag": 3, "change_message": ""}}, {"model": "admin.logentry", "pk": 45, "fields": {"action_time": "2025-01-20T13:52:59.417Z", "user": 1, "content_type": 7, "object_id": "1", "object_repr": "Roasted White Bean and Pea Pesto Bowl", "action_flag": 3, "change_message": ""}}, {"model": "admin.logentry", "pk": 46, "fields": {"action_time": "2025-01-20T13:53:22.481Z", "user": 1, "content_type": 7, "object_id": "12", "object_repr": "Crispy Chicken & Fresh Greens Salad", "action_flag": 2, "change_message": "[{\"changed\": {\"fields\": [\"Image\"]}}]"}}, {"model": "admin.logentry", "pk": 47, "fields": {"action_time": "2025-01-20T13:54:23.234Z", "user": 1, "content_type": 7, "object_id": "13", "object_repr": "Satisfying Steak Dinner", "action_flag": 1, "change_message": "[{\"added\": {}}]"}}, {"model": "admin.logentry", "pk": 48, "fields": {"action_time": "2025-01-20T13:55:31.569Z", "user": 1, "content_type": 7, "object_id": "14", "object_repr": "Fluffy Classic Vegetable Frittata", "action_flag": 1, "change_message": "[{\"added\": {}}]"}}, {"model": "admin.logentry", "pk": 49, "fields": {"action_time": "2025-01-20T13:57:37.013Z", "user": 1, "content_type": 7, "object_id": "15", "object_repr": "Spinach & Walnut Power Omelette", "action_flag": 1, "change_message": "[{\"added\": {}}]"}}, {"model": "admin.logentry", "pk": 50, "fields": {"action_time": "2025-01-20T13:59:08.597Z", "user": 1, "content_type": 7, "object_id": "16", "object_repr": "Juicy Lamb Meatballs in Rich Sauce", "action_flag": 1, "change_message": "[{\"added\": {}}]"}}, {"model": "admin.logentry", "pk": 51, "fields": {"action_time": "2025-01-20T14:02:09.059Z", "user": 1, "content_type": 7, "object_id": "17", "object_repr": "Bold & Flavorful Carne Asada Tacos", "action_flag": 1, "change_message": "[{\"added\": {}}]"}}, {"model": "admin.logentry", "pk": 52, "fields": {"action_time": "2025-01-20T14:03:22.415Z", "user": 1, "content_type": 7, "object_id": "18", "object_repr": "Ultimate Berry Breakfast Bliss", "action_flag": 1, "change_message": "[{\"added\": {}}]"}}, {"model": "admin.logentry", "pk": 53, "fields": {"action_time": "2025-01-20T14:04:37.205Z", "user": 1, "content_type": 7, "object_id": "19", "object_repr": "Warming Spiced Chickpea Stew", "action_flag": 1, "change_message": "[{\"added\": {}}]"}}, {"model": "admin.logentry", "pk": 54, "fields": {"action_time": "2025-01-20T14:05:54.022Z", "user": 1, "content_type": 7, "object_id": "20", "object_repr": "Vibrant Mediterranean Quinoa Salad", "action_flag": 1, "change_message": "[{\"added\": {}}]"}}, {"model": "admin.logentry", "pk": 55, "fields": {"action_time": "2025-01-20T14:07:03.893Z", "user": 1, "content_type": 7, "object_id": "21", "object_repr": "Savory Salmon with Roasted Asparagus", "action_flag": 1, "change_message": "[{\"added\": {}}]"}}, {"model": "admin.logentry", "pk": 56, "fields": {"action_time": "2025-01-20T14:08:06.560Z", "user": 1, "content_type": 7, "object_id": "22", "object_repr": "Roasted Cauliflower & Crispy Chickpea Bowl", "action_flag": 1, "change_message": "[{\"added\": {}}]"}}, {"model": "admin.logentry", "pk": 57, "fields": {"action_time": "2025-01-20T14:12:04.760Z", "user": 1, "content_type": 7, "object_id": "23", "object_repr": "Rich & Comforting Mushroom Ramen", "action_flag": 1, "change_message": "[{\"added\": {}}]"}}, {"model": "admin.logentry", "pk": 58, "fields": {"action_time": "2025-01-20T14:13:53.391Z", "user": 1, "content_type": 7, "object_id": "24", "object_repr": "Cozy Butternut Squash Soup", "action_flag": 1, "change_message": "[{\"added\": {}}]"}}, {"model": "admin.logentry", "pk": 59, "fields": {"action_time": "2025-01-20T14:15:06.416Z", "user": 1, "content_type": 7, "object_id": "25", "object_repr": "Hearty Aubergine & Tomato Stew", "action_flag": 1, "change_message": "[{\"added\": {}}]"}}, {"model": "admin.logentry", "pk": 60, "fields": {"action_time": "2025-01-20T14:16:13.560Z", "user": 1, "content_type": 7, "object_id": "26", "object_repr": "Crispy Gobi Manchurian Delight", "action_flag": 1, "change_message": "[{\"added\": {}}]"}}, {"model": "admin.logentry", "pk": 61, "fields": {"action_time": "2025-01-20T14:17:18.429Z", "user": 1, "content_type": 7, "object_id": "27", "object_repr": "Comforting Chickpea Stew", "action_flag": 1, "change_message": "[{\"added\": {}}]"}}, {"model": "admin.logentry", "pk": 62, "fields": {"action_time": "2025-01-20T14:18:35.104Z", "user": 1, "content_type": 7, "object_id": "28", "object_repr": "Irresistible Spinach & Feta Gnocchi", "action_flag": 1, "change_message": "[{\"added\": {}}]"}}, {"model": "admin.logentry", "pk": 63, "fields": {"action_time": "2025-01-20T14:19:26.016Z", "user": 1, "content_type": 7, "object_id": "29", "object_repr": "Peanut Butter & Blueberry Chia Bowl", "action_flag": 1, "change_message": "[{\"added\": {}}]"}}, {"model": "admin.logentry", "pk": 64, "fields": {"action_time": "2025-01-20T14:20:27.175Z", "user": 1, "content_type": 7, "object_id": "30", "object_repr": "Fresh Rice Paper Sushi Rolls", "action_flag": 1, "change_message": "[{\"added\": {}}]"}}, {"model": "admin.logentry", "pk": 65, "fields": {"action_time": "2025-01-20T14:21:31.990Z", "user": 1, "content_type": 7, "object_id": "31", "object_repr": "Tangy Tomato Mini Bruschetta", "action_flag": 1, "change_message": "[{\"added\": {}}]"}}, {"model": "admin.logentry", "pk": 66, "fields": {"action_time": "2025-01-20T14:22:22.140Z", "user": 1, "content_type": 7, "object_id": "32", "object_repr": "Classic Pad Thai at Home", "action_flag": 1, "change_message": "[{\"added\": {}}]"}}, {"model": "admin.logentry", "pk": 67, "fields": {"action_time": "2025-01-20T14:23:40.520Z", "user": 1, "content_type": 7, "object_id": "33", "object_repr": "Rustic Italian Borlotti Bean Soup", "action_flag": 1, "change_message": "[{\"added\": {}}]"}}, {"model": "admin.logentry", "pk": 68, "fields": {"action_time": "2025-01-20T14:24:45.860Z", "user": 1, "content_type": 7, "object_id": "34", "object_repr": "Nourishing Vegetarian Mushroom Ramen", "action_flag": 1, "change_message": "[{\"added\": {}}]"}}, {"model": "admin.logentry", "pk": 69, "fields": {"action_time": "2025-01-20T14:25:47.088Z", "user": 1, "content_type": 7, "object_id": "35", "object_repr": "Savory Garden Vegetable Quiche", "action_flag": 1, "change_message": "[{\"added\": {}}]"}}, {"model": "admin.logentry", "pk": 70, "fields": {"action_time": "2025-01-20T14:26:51.018Z", "user": 1, "content_type": 7, "object_id": "36", "object_repr": "Flaky Broccoli & Spinach Spanakopita", "action_flag": 1, "change_message": "[{\"added\": {}}]"}}, {"model": "admin.logentry", "pk": 71, "fields": {"action_time": "2025-01-20T14:27:56.657Z", "user": 1, "content_type": 7, "object_id": "37", "object_repr": "Zesty Couscous with Peppers & Beans", "action_flag": 1, "change_message": "[{\"added\": {}}]"}}, {"model": "admin.logentry", "pk": 72, "fields": {"action_time": "2025-01-20T14:30:40.819Z", "user": 1, "content_type": 7, "object_id": "38", "object_repr": "Fluffy Pancakes with Fresh Fruit", "action_flag": 1, "change_message": "[{\"added\": {}}]"}}, {"model": "admin.logentry", "pk": 73, "fields": {"action_time": "2025-01-20T16:01:05.983Z", "user": 1, "content_type": 4, "object_id": "1", "object_repr": "ailsa", "action_flag": 2, "change_message": "[{\"changed\": {\"fields\": [\"User permissions\"]}}]"}}, {"model": "admin.logentry", "pk": 74, "fields": {"action_time": "2025-01-20T16:02:01.367Z", "user": 1, "content_type": 4, "object_id": "3", "object_repr": "arlo", "action_flag": 2, "change_message": "[{\"changed\": {\"fields\": [\"User permissions\"]}}]"}}, {"model": "admin.logentry", "pk": 75, "fields": {"action_time": "2025-01-20T16:02:17.627Z", "user": 1, "content_type": 4, "object_id": "7", "object_repr": "liam", "action_flag": 2, "change_message": "[{\"changed\": {\"fields\": [\"User permissions\"]}}]"}}, {"model": "admin.logentry", "pk": 76, "fields": {"action_time": "2025-01-20T16:02:28.480Z", "user": 1, "content_type": 4, "object_id": "2", "object_repr": "maya", "action_flag": 2, "change_message": "[{\"changed\": {\"fields\": [\"User permissions\"]}}]"}}, {"model": "admin.logentry", "pk": 77, "fields": {"action_time": "2025-01-21T11:41:12.066Z", "user": 1, "content_type": 9, "object_id": "4", "object_repr": "Quick & Easy", "action_flag": 3, "change_message": ""}}, {"model": "admin.logentry", "pk": 78, "fields": {"action_time": "2025-01-21T11:45:40.757Z", "user": 1, "content_type": 11, "object_id": "15", "object_repr": "Comment I'll try this by ailsa", "action_flag": 2, "change_message": "[{\"changed\": {\"fields\": [\"Approved\"]}}]"}}, {"model": "admin.logentry", "pk": 79, "fields": {"action_time": "2025-01-21T11:45:49.578Z", "user": 1, "content_type": 11, "object_id": "14", "object_repr": "Comment Yummy by ailsa", "action_flag": 2, "change_message": "[{\"changed\": {\"fields\": [\"Approved\"]}}]"}}, {"model": "admin.logentry", "pk": 80, "fields": {"action_time": "2025-01-21T14:13:24.532Z", "user": 1, "content_type": 11, "object_id": "17", "object_repr": "Comment This vibrant Mediterranean Mezze Feast Bowl is a perfect blend of fresh, nutritious ingredients that will nourish your body and delight your taste buds. Packed with crisp vegetables, creamy hu", "action_flag": 2, "change_message": "[{\"changed\": {\"fields\": [\"Approved\"]}}]"}}, {"model": "admin.logentry", "pk": 81, "fields": {"action_time": "2025-01-21T14:52:37.985Z", "user": 1, "content_type": 11, "object_id": "13", "object_repr": "Comment lOOKS GREAT by ailsa", "action_flag": 3, "change_message": ""}}, {"model": "admin.logentry", "pk": 82, "fields": {"action_time": "2025-01-21T14:52:38.031Z", "user": 1, "content_type": 11, "object_id": "14", "object_repr": "Comment Yummy by ailsa", "action_flag": 3, "change_message": ""}}, {"model": "admin.logentry", "pk": 83, "fields": {"action_time": "2025-01-21T14:52:38.063Z", "user": 1, "content_type": 11, "object_id": "15", "object_repr": "Comment I'll try this tonight by ailsa", "action_flag": 3, "change_message": ""}}, {"model": "admin.logentry", "pk": 84, "fields": {"action_time": "2025-01-21T14:52:38.094Z", "user": 1, "content_type": 11, "object_id": "16", "object_repr": "Comment ga by ailsa", "action_flag": 3, "change_message": ""}}, {"model": "admin.logentry", "pk": 85, "fields": {"action_time": "2025-01-21T14:52:55.861Z", "user": 1, "content_type": 11, "object_id": "18", "object_repr": "Comment Looks great by ailsa", "action_flag": 2, "change_message": "[{\"changed\": {\"fields\": [\"Approved\"]}}]"}}, {"model": "admin.logentry", "pk": 86, "fields": {"action_time": "2025-01-21T14:57:55.603Z", "user": 1, "content_type": 11, "object_id": "19", "object_repr": "Comment agarga by ailsa", "action_flag": 2, "change_message": "[{\"changed\": {\"fields\": [\"Approved\"]}}]"}}, {"model": "admin.logentry", "pk": 87, "fields": {"action_time": "2025-01-21T15:04:18.332Z", "user": 1, "content_type": 11, "object_id": "20", "object_repr": "Comment awgwsas by ailsa", "action_flag": 2, "change_message": "[{\"changed\": {\"fields\": [\"Approved\"]}}]"}}, {"model": "admin.logentry", "pk": 88, "fields": {"action_time": "2025-01-21T15:04:23.645Z", "user": 1, "content_type": 11, "object_id": "21", "object_repr": "Comment adrgag by ailsa", "action_flag": 2, "change_message": "[{\"changed\": {\"fields\": [\"Approved\"]}}]"}}, {"model": "admin.logentry", "pk": 89, "fields": {"action_time": "2025-01-21T16:19:22.474Z", "user": 1, "content_type": 7, "object_id": "28", "object_repr": "Irresistible Spinach & Feta Gnocchi", "action_flag": 2, "change_message": "[{\"changed\": {\"fields\": [\"Image\"]}}]"}}, {"model": "admin.logentry", "pk": 90, "fields": {"action_time": "2025-01-21T16:19:57.541Z", "user": 1, "content_type": 7, "object_id": "35", "object_repr": "Savory Garden Vegetable Quiche", "action_flag": 2, "change_message": "[{\"changed\": {\"fields\": [\"Image\"]}}]"}}, {"model": "admin.logentry", "pk": 91, "fields": {"action_time": "2025-01-21T16:20:30.389Z", "user": 1, "content_type": 7, "object_id": "18", "object_repr": "Ultimate Berry Breakfast Bliss", "action_flag": 2, "change_message": "[{\"changed\": {\"fields\": [\"Categories\"]}}]"}}, {"model": "admin.logentry", "pk": 92, "fields": {"action_time": "2025-01-21T16:20:58.332Z", "user": 1, "content_type": 7, "object_id": "33", "object_repr": "Rustic Italian Borlotti Bean Soup", "action_flag": 2, "change_message": "[{\"changed\": {\"fields\": [\"Categories\"]}}]"}}, {"model": "admin.logentry", "pk": 93, "fields": {"action_time": "2025-01-21T16:21:31.720Z", "user": 1, "content_type": 7, "object_id": "37", "object_repr": "Zesty Couscous with Peppers & Beans", "action_flag": 2, "change_message": "[{\"changed\": {\"fields\": [\"Categories\"]}}]"}}, {"model": "admin.logentry", "pk": 94, "fields": {"action_time": "2025-01-21T16:25:03.100Z", "user": 1, "content_type": 7, "object_id": "6", "object_repr": "Memorable Mezze Feast Bowl", "action_flag": 2, "change_message": "[{\"changed\": {\"fields\": [\"Title\", \"Categories\"]}}]"}}, {"model": "admin.logentry", "pk": 95, "fields": {"action_time": "2025-01-22T16:18:31.530Z", "user": 1, "content_type": 11, "object_id": "22", "object_repr": "Comment Looks great! by ailsa", "action_flag": 2, "change_message": "[{\"changed\": {\"fields\": [\"Approved\"]}}]"}}, {"model": "admin.logentry", "pk": 96, "fields": {"action_time": "2025-01-22T16:18:39.334Z", "user": 1, "content_type": 11, "object_id": "23", "object_repr": "Comment Looks great! by ailsa", "action_flag": 2, "change_message": "[{\"changed\": {\"fields\": [\"Approved\"]}}]"}}, {"model": "admin.logentry", "pk": 97, "fields": {"action_time": "2025-01-22T16:36:58.557Z", "user": 1, "content_type": 11, "object_id": "24", "object_repr": "Comment Looks great! by ailsa", "action_flag": 2, "change_message": "[{\"changed\": {\"fields\": [\"Approved\"]}}]"}}, {"model": "admin.logentry", "pk": 98, "fields": {"action_time": "2025-01-23T10:30:35.252Z", "user": 1, "content_type": 11, "object_id": "25", "object_repr": "Comment This looks delicious! by arlo", "action_flag": 1, "change_message": "[{\"added\": {}}]"}}, {"model": "admin.logentry", "pk": 99, "fields": {"action_time": "2025-01-23T10:31:40.114Z", "user": 1, "content_type": 11, "object_id": "25", "object_repr": "Comment This looks delicious! by arlo", "action_flag": 2, "change_message": "[]"}}, {"model": "admin.logentry", "pk": 100, "fields": {"action_time": "2025-01-23T10:34:43.205Z", "user": 1, "content_type": 11, "object_id": "26", "object_repr": "Comment Can't wait to try this by elena", "action_flag": 2, "change_message": "[{\"changed\": {\"fields\": [\"Approved\"]}}]"}}, {"model": "admin.logentry", "pk": 101, "fields": {"action_time": "2025-01-23T10:36:55.940Z", "user": 1, "content_type": 11, "object_id": "27", "object_repr": "Comment Yummy by ailsa", "action_flag": 2, "change_message": "[{\"changed\": {\"fields\": [\"Approved\"]}}]"}}, {"model": "admin.logentry", "pk": 102, "fields": {"action_time": "2025-01-23T10:38:51.992Z", "user": 1, "content_type": 11, "object_id": "28", "object_repr": "Comment Looks delicious by test", "action_flag": 2, "change_message": "[{\"changed\": {\"fields\": [\"Approved\"]}}]"}}, {"model": "admin.logentry", "pk": 103, "fields": {"action_time": "2025-01-23T10:55:10.168Z", "user": 1, "content_type": 11, "object_id": "29", "object_repr": "Comment Great! by ailsa", "action_flag": 2, "change_message": "[{\"changed\": {\"fields\": [\"Approved\"]}}]"}}, {"model": "admin.logentry", "pk": 104, "fields": {"action_time": "2025-01-23T10:57:49.297Z", "user": 1, "content_type": 11, "object_id": "30", "object_repr": "Comment Can't wait to try this by ailsa", "action_flag": 2, "change_message": "[{\"changed\": {\"fields\": [\"Approved\"]}}]"}}, {"model": "admin.logentry", "pk": 105, "fields": {"action_time": "2025-01-23T11:01:45.479Z", "user": 1, "content_type": 4, "object_id": "3", "object_repr": "arlo", "action_flag": 2, "change_message": "[{\"changed\": {\"fields\": [\"User permissions\"]}}]"}}, {"model": "admin.logentry", "pk": 106, "fields": {"action_time": "2025-01-23T11:10:52.691Z", "user": 1, "content_type": 4, "object_id": "6", "object_repr": "elena", "action_flag": 2, "change_message": "[{\"changed\": {\"fields\": [\"User permissions\"]}}]"}}, {"model": "admin.logentry", "pk": 107, "fields": {"action_time": "2025-01-23T11:11:49.168Z", "user": 1, "content_type": 4, "object_id": "2", "object_repr": "maya", "action_flag": 2, "change_message": "[{\"changed\": {\"fields\": [\"User permissions\"]}}]"}}, {"model": "admin.logentry", "pk": 108, "fields": {"action_time": "2025-01-23T11:12:09.599Z", "user": 1, "content_type": 4, "object_id": "2", "object_repr": "maya", "action_flag": 2, "change_message": "[]"}}, {"model": "admin.logentry", "pk": 109, "fields": {"action_time": "2025-01-23T11:13:21.013Z", "user": 1, "content_type": 4, "object_id": "5", "object_repr": "shazia", "action_flag": 2, "change_message": "[{\"changed\": {\"fields\": [\"User permissions\"]}}]"}}, {"model": "admin.logentry", "pk": 110, "fields": {"action_time": "2025-01-23T11:14:24.540Z", "user": 1, "content_type": 4, "object_id": "4", "object_repr": "jamie", "action_flag": 2, "change_message": "[{\"changed\": {\"fields\": [\"User permissions\"]}}]"}}, {"model": "admin.logentry", "pk": 111, "fields": {"action_time": "2025-01-23T11:15:37.980Z", "user": 1, "content_type": 4, "object_id": "7", "object_repr": "liam", "action_flag": 2, "change_message": "[{\"changed\": {\"fields\": [\"User permissions\"]}}]"}}, {"model": "admin.logentry", "pk": 112, "fields": {"action_time": "2025-01-23T11:46:12.656Z", "user": 1, "content_type": 7, "object_id": "6", "object_repr": "Memorable Mezze Feast Bowl", "action_flag": 2, "change_message": "[{\"changed\": {\"fields\": [\"Slug\", \"Image\"]}}]"}}, {"model": "admin.logentry", "pk": 113, "fields": {"action_time": "2025-01-23T11:46:31.401Z", "user": 1, "content_type": 7, "object_id": "6", "object_repr": "Memorable Mezze Feast Bowl", "action_flag": 2, "change_message": "[{\"changed\": {\"fields\": [\"Description\"]}}]"}}, {"model": "admin.logentry", "pk": 114, "fields": {"action_time": "2025-01-23T17:26:46.927Z", "user": 1, "content_type": 7, "object_id": "6", "object_repr": "Memorable Mezze Feast Bowl", "action_flag": 2, "change_message": "[{\"changed\": {\"fields\": [\"Image\"]}}]"}}, {"model": "admin.logentry", "pk": 115, "fields": {"action_time": "2025-01-24T10:13:47.463Z", "user": 1, "content_type": 7, "object_id": "7", "object_repr": "Baked Eggs & Garlicky Greens", "action_flag": 2, "change_message": "[{\"changed\": {\"fields\": [\"Image\"]}}]"}}, {"model": "admin.logentry", "pk": 116, "fields": {"action_time": "2025-01-24T10:14:58.443Z", "user": 1, "content_type": 7, "object_id": "7", "object_repr": "Baked Eggs & Garlicky Greens", "action_flag": 2, "change_message": "[{\"changed\": {\"fields\": [\"Image\"]}}]"}}, {"model": "admin.logentry", "pk": 117, "fields": {"action_time": "2025-01-24T10:15:56.055Z", "user": 1, "content_type": 7, "object_id": "38", "object_repr": "Fluffy Pancakes with Fresh Fruit", "action_flag": 2, "change_message": "[{\"changed\": {\"fields\": [\"Image\"]}}]"}}, {"model": "admin.logentry", "pk": 118, "fields": {"action_time": "2025-01-24T10:16:13.553Z", "user": 1, "content_type": 7, "object_id": "37", "object_repr": "Zesty Couscous with Peppers & Beans", "action_flag": 2, "change_message": "[{\"changed\": {\"fields\": [\"Image\"]}}]"}}, {"model": "admin.logentry", "pk": 119, "fields": {"action_time": "2025-01-24T10:16:31.895Z", "user": 1, "content_type": 7, "object_id": "36", "object_repr": "Flaky Broccoli & Spinach Spanakopita", "action_flag": 2, "change_message": "[{\"changed\": {\"fields\": [\"Image\"]}}]"}}, {"model": "admin.logentry", "pk": 120, "fields": {"action_time": "2025-01-24T10:16:52.941Z", "user": 1, "content_type": 7, "object_id": "35", "object_repr": "Savory Garden Vegetable Quiche", "action_flag": 2, "change_message": "[{\"changed\": {\"fields\": [\"Image\"]}}]"}}, {"model": "admin.logentry", "pk": 121, "fields": {"action_time": "2025-01-24T10:17:13.182Z", "user": 1, "content_type": 7, "object_id": "34", "object_repr": "Nourishing Vegetarian Mushroom Ramen", "action_flag": 2, "change_message": "[{\"changed\": {\"fields\": [\"Image\"]}}]"}}, {"model": "admin.logentry", "pk": 122, "fields": {"action_time": "2025-01-24T10:17:36.980Z", "user": 1, "content_type": 7, "object_id": "33", "object_repr": "Rustic Italian Borlotti Bean Soup", "action_flag": 2, "change_message": "[{\"changed\": {\"fields\": [\"Image\"]}}]"}}, {"model": "admin.logentry", "pk": 123, "fields": {"action_time": "2025-01-24T10:18:03.020Z", "user": 1, "content_type": 7, "object_id": "32", "object_repr": "Classic Pad Thai at Home", "action_flag": 2, "change_message": "[{\"changed\": {\"fields\": [\"Image\"]}}]"}}, {"model": "admin.logentry", "pk": 124, "fields": {"action_time": "2025-01-24T10:18:15.979Z", "user": 1, "content_type": 7, "object_id": "31", "object_repr": "Tangy Tomato Mini Bruschetta", "action_flag": 2, "change_message": "[{\"changed\": {\"fields\": [\"Image\"]}}]"}}, {"model": "admin.logentry", "pk": 125, "fields": {"action_time": "2025-01-24T10:18:33.901Z", "user": 1, "content_type": 7, "object_id": "30", "object_repr": "Fresh Rice Paper Sushi Rolls", "action_flag": 2, "change_message": "[{\"changed\": {\"fields\": [\"Image\"]}}]"}}, {"model": "admin.logentry", "pk": 126, "fields": {"action_time": "2025-01-24T10:18:53.400Z", "user": 1, "content_type": 7, "object_id": "29", "object_repr": "Peanut Butter & Blueberry Chia Bowl", "action_flag": 2, "change_message": "[{\"changed\": {\"fields\": [\"Image\"]}}]"}}, {"model": "admin.logentry", "pk": 127, "fields": {"action_time": "2025-01-24T10:19:09.702Z", "user": 1, "content_type": 7, "object_id": "28", "object_repr": "Irresistible Spinach & Feta Gnocchi", "action_flag": 2, "change_message": "[{\"changed\": {\"fields\": [\"Image\"]}}]"}}, {"model": "admin.logentry", "pk": 128, "fields": {"action_time": "2025-01-24T10:19:25.005Z", "user": 1, "content_type": 7, "object_id": "27", "object_repr": "Comforting Chickpea Stew", "action_flag": 2, "change_message": "[{\"changed\": {\"fields\": [\"Image\"]}}]"}}, {"model": "admin.logentry", "pk": 129, "fields": {"action_time": "2025-01-24T10:19:40.825Z", "user": 1, "content_type": 7, "object_id": "26", "object_repr": "Crispy Gobi Manchurian Delight", "action_flag": 2, "change_message": "[{\"changed\": {\"fields\": [\"Image\"]}}]"}}, {"model": "admin.logentry", "pk": 130, "fields": {"action_time": "2025-01-24T10:19:56.503Z", "user": 1, "content_type": 7, "object_id": "25", "object_repr": "Hearty Aubergine & Tomato Stew", "action_flag": 2, "change_message": "[{\"changed\": {\"fields\": [\"Image\"]}}]"}}, {"model": "admin.logentry", "pk": 131, "fields": {"action_time": "2025-01-24T10:20:10.989Z", "user": 1, "content_type": 7, "object_id": "24", "object_repr": "Cozy Butternut Squash Soup", "action_flag": 2, "change_message": "[{\"changed\": {\"fields\": [\"Image\"]}}]"}}, {"model": "admin.logentry", "pk": 132, "fields": {"action_time": "2025-01-24T10:20:30.734Z", "user": 1, "content_type": 7, "object_id": "23", "object_repr": "Rich & Comforting Mushroom Ramen", "action_flag": 2, "change_message": "[{\"changed\": {\"fields\": [\"Image\"]}}]"}}, {"model": "admin.logentry", "pk": 133, "fields": {"action_time": "2025-01-24T10:20:47.097Z", "user": 1, "content_type": 7, "object_id": "22", "object_repr": "Roasted Cauliflower & Crispy Chickpea Bowl", "action_flag": 2, "change_message": "[{\"changed\": {\"fields\": [\"Image\"]}}]"}}, {"model": "admin.logentry", "pk": 134, "fields": {"action_time": "2025-01-24T10:21:04.240Z", "user": 1, "content_type": 7, "object_id": "21", "object_repr": "Savory Salmon with Roasted Asparagus", "action_flag": 2, "change_message": "[{\"changed\": {\"fields\": [\"Image\"]}}]"}}, {"model": "admin.logentry", "pk": 135, "fields": {"action_time": "2025-01-24T10:21:24.247Z", "user": 1, "content_type": 7, "object_id": "20", "object_repr": "Vibrant Mediterranean Quinoa Salad", "action_flag": 2, "change_message": "[{\"changed\": {\"fields\": [\"Image\"]}}]"}}, {"model": "admin.logentry", "pk": 136, "fields": {"action_time": "2025-01-24T10:21:41.306Z", "user": 1, "content_type": 7, "object_id": "19", "object_repr": "Warming Spiced Chickpea Stew", "action_flag": 2, "change_message": "[{\"changed\": {\"fields\": [\"Image\"]}}]"}}, {"model": "admin.logentry", "pk": 137, "fields": {"action_time": "2025-01-24T10:22:01.276Z", "user": 1, "content_type": 7, "object_id": "18", "object_repr": "Ultimate Berry Breakfast Bliss", "action_flag": 2, "change_message": "[{\"changed\": {\"fields\": [\"Image\"]}}]"}}, {"model": "admin.logentry", "pk": 138, "fields": {"action_time": "2025-01-24T10:22:23.024Z", "user": 1, "content_type": 7, "object_id": "17", "object_repr": "Bold & Flavorful Carne Asada Tacos", "action_flag": 2, "change_message": "[{\"changed\": {\"fields\": [\"Image\"]}}]"}}, {"model": "admin.logentry", "pk": 139, "fields": {"action_time": "2025-01-24T10:22:41.525Z", "user": 1, "content_type": 7, "object_id": "16", "object_repr": "Juicy Lamb Meatballs in Rich Sauce", "action_flag": 2, "change_message": "[{\"changed\": {\"fields\": [\"Image\"]}}]"}}, {"model": "admin.logentry", "pk": 140, "fields": {"action_time": "2025-01-24T10:22:55.836Z", "user": 1, "content_type": 7, "object_id": "15", "object_repr": "Spinach & Walnut Power Omelette", "action_flag": 2, "change_message": "[{\"changed\": {\"fields\": [\"Image\"]}}]"}}, {"model": "admin.logentry", "pk": 141, "fields": {"action_time": "2025-01-24T10:23:14.523Z", "user": 1, "content_type": 7, "object_id": "14", "object_repr": "Fluffy Classic Vegetable Frittata", "action_flag": 2, "change_message": "[{\"changed\": {\"fields\": [\"Image\"]}}]"}}, {"model": "admin.logentry", "pk": 142, "fields": {"action_time": "2025-01-24T10:23:38.476Z", "user": 1, "content_type": 7, "object_id": "13", "object_repr": "Satisfying Steak Dinner", "action_flag": 2, "change_message": "[{\"changed\": {\"fields\": [\"Image\"]}}]"}}, {"model": "admin.logentry", "pk": 143, "fields": {"action_time": "2025-01-24T10:24:05.476Z", "user": 1, "content_type": 7, "object_id": "12", "object_repr": "Crispy Chicken & Fresh Greens Salad", "action_flag": 2, "change_message": "[{\"changed\": {\"fields\": [\"Image\"]}}]"}}, {"model": "admin.logentry", "pk": 144, "fields": {"action_time": "2025-01-24T10:24:19.407Z", "user": 1, "content_type": 7, "object_id": "11", "object_repr": "Cheesy Stuffed Pepper Casserole", "action_flag": 2, "change_message": "[{\"changed\": {\"fields\": [\"Image\"]}}]"}}, {"model": "admin.logentry", "pk": 145, "fields": {"action_time": "2025-01-24T10:24:39.786Z", "user": 1, "content_type": 7, "object_id": "10", "object_repr": "Zesty & Fresh Pesto Pasta", "action_flag": 2, "change_message": "[{\"changed\": {\"fields\": [\"Image\"]}}]"}}, {"model": "admin.logentry", "pk": 146, "fields": {"action_time": "2025-01-24T10:24:56.632Z", "user": 1, "content_type": 7, "object_id": "9", "object_repr": "Golden & Aromatic Chicken Curry", "action_flag": 2, "change_message": "[{\"changed\": {\"fields\": [\"Image\"]}}]"}}, {"model": "admin.logentry", "pk": 147, "fields": {"action_time": "2025-01-24T10:25:17.852Z", "user": 1, "content_type": 7, "object_id": "8", "object_repr": "Crispy & Spiced Chickpea Bowl", "action_flag": 2, "change_message": "[{\"changed\": {\"fields\": [\"Image\"]}}]"}}, {"model": "admin.logentry", "pk": 148, "fields": {"action_time": "2025-01-24T10:25:32.433Z", "user": 1, "content_type": 7, "object_id": "7", "object_repr": "Baked Eggs & Garlicky Greens", "action_flag": 2, "change_message": "[{\"changed\": {\"fields\": [\"Image\"]}}]"}}, {"model": "admin.logentry", "pk": 149, "fields": {"action_time": "2025-01-24T10:26:37.107Z", "user": 1, "content_type": 7, "object_id": "6", "object_repr": "Memorable Mezze Feast Bowl", "action_flag": 2, "change_message": "[{\"changed\": {\"fields\": [\"Image\"]}}]"}}, {"model": "admin.logentry", "pk": 150, "fields": {"action_time": "2025-01-24T10:37:39.893Z", "user": 1, "content_type": 7, "object_id": "16", "object_repr": "Juicy Lamb Meatballs", "action_flag": 2, "change_message": "[{\"changed\": {\"fields\": [\"Title\", \"Slug\"]}}]"}}, {"model": "admin.logentry", "pk": 151, "fields": {"action_time": "2025-01-24T10:40:21.263Z", "user": 1, "content_type": 7, "object_id": "16", "object_repr": "Juicy Lamb Meatballs with Basil", "action_flag": 2, "change_message": "[{\"changed\": {\"fields\": [\"Title\", \"Slug\"]}}]"}}, {"model": "admin.logentry", "pk": 152, "fields": {"action_time": "2025-01-24T10:41:50.094Z", "user": 1, "content_type": 7, "object_id": "14", "object_repr": "Fluffy Classic Vegetable Frittata", "action_flag": 2, "change_message": "[{\"changed\": {\"fields\": [\"Categories\"]}}]"}}, {"model": "admin.logentry", "pk": 153, "fields": {"action_time": "2025-01-24T10:44:54.645Z", "user": 1, "content_type": 7, "object_id": "34", "object_repr": "Nourishing Vegetarian Ramen", "action_flag": 2, "change_message": "[{\"changed\": {\"fields\": [\"Title\", \"Slug\"]}}]"}}, {"model": "admin.logentry", "pk": 154, "fields": {"action_time": "2025-01-24T10:45:48.253Z", "user": 1, "content_type": 7, "object_id": "36", "object_repr": "Flaky Broccoli Spanakopita", "action_flag": 2, "change_message": "[{\"changed\": {\"fields\": [\"Title\", \"Slug\"]}}]"}}, {"model": "admin.logentry", "pk": 155, "fields": {"action_time": "2025-01-24T10:46:35.435Z", "user": 1, "content_type": 7, "object_id": "22", "object_repr": "Roasted Cauliflower & Chickpea Bowl", "action_flag": 2, "change_message": "[{\"changed\": {\"fields\": [\"Title\", \"Slug\", \"Description\"]}}]"}}, {"model": "admin.logentry", "pk": 156, "fields": {"action_time": "2025-01-24T10:47:10.304Z", "user": 1, "content_type": 7, "object_id": "36", "object_repr": "Flaky Broccoli Spanakopita", "action_flag": 2, "change_message": "[{\"changed\": {\"fields\": [\"Description\"]}}]"}}, {"model": "admin.logentry", "pk": 157, "fields": {"action_time": "2025-01-24T10:47:23.545Z", "user": 1, "content_type": 7, "object_id": "34", "object_repr": "Nourishing Vegetarian Ramen", "action_flag": 2, "change_message": "[{\"changed\": {\"fields\": [\"Description\"]}}]"}}, {"model": "admin.logentry", "pk": 158, "fields": {"action_time": "2025-01-24T10:48:34.398Z", "user": 1, "content_type": 7, "object_id": "11", "object_repr": "Cheesy Stuffed Pepper Casserole", "action_flag": 2, "change_message": "[{\"changed\": {\"fields\": [\"Categories\"]}}]"}}, {"model": "admin.logentry", "pk": 159, "fields": {"action_time": "2025-01-26T11:09:54.714Z", "user": 1, "content_type": 11, "object_id": "35", "object_repr": "Comment test by ailsa", "action_flag": 3, "change_message": ""}}, {"model": "admin.logentry", "pk": 160, "fields": {"action_time": "2025-01-26T11:09:54.761Z", "user": 1, "content_type": 11, "object_id": "36", "object_repr": "Comment testing by ailsa", "action_flag": 3, "change_message": ""}}, {"model": "admin.logentry", "pk": 161, "fields": {"action_time": "2025-01-26T11:09:54.790Z", "user": 1, "content_type": 11, "object_id": "37", "object_repr": "Comment testing by ailsa", "action_flag": 3, "change_message": ""}}, {"model": "admin.logentry", "pk": 162, "fields": {"action_time": "2025-01-26T11:09:54.818Z", "user": 1, "content_type": 11, "object_id": "38", "object_repr": "Comment testing by ailsa", "action_flag": 3, "change_message": ""}}, {"model": "admin.logentry", "pk": 163, "fields": {"action_time": "2025-01-26T11:09:54.847Z", "user": 1, "content_type": 11, "object_id": "39", "object_repr": "Comment test by ailsa", "action_flag": 3, "change_message": ""}}, {"model": "admin.logentry", "pk": 164, "fields": {"action_time": "2025-01-26T11:09:54.875Z", "user": 1, "content_type": 11, "object_id": "40", "object_repr": "Comment testing by ailsa", "action_flag": 3, "change_message": ""}}, {"model": "admin.logentry", "pk": 165, "fields": {"action_time": "2025-01-26T11:09:54.903Z", "user": 1, "content_type": 11, "object_id": "41", "object_repr": "Comment test by ailsa", "action_flag": 3, "change_message": ""}}, {"model": "admin.logentry", "pk": 166, "fields": {"action_time": "2025-01-26T11:09:54.931Z", "user": 1, "content_type": 11, "object_id": "42", "object_repr": "Comment test by ailsa", "action_flag": 3, "change_message": ""}}, {"model": "admin.logentry", "pk": 167, "fields": {"action_time": "2025-01-26T11:09:54.960Z", "user": 1, "content_type": 11, "object_id": "43", "object_repr": "Comment test by ailsa", "action_flag": 3, "change_message": ""}}, {"model": "admin.logentry", "pk": 168, "fields": {"action_time": "2025-01-26T11:09:54.988Z", "user": 1, "content_type": 11, "object_id": "44", "object_repr": "Comment test by ailsa", "action_flag": 3, "change_message": ""}}, {"model": "admin.logentry", "pk": 169, "fields": {"action_time": "2025-01-26T11:09:55.017Z", "user": 1, "content_type": 11, "object_id": "45", "object_repr": "Comment test by ailsa", "action_flag": 3, "change_message": ""}}, {"model": "admin.logentry", "pk": 170, "fields": {"action_time": "2025-01-26T11:09:55.045Z", "user": 1, "content_type": 11, "object_id": "46", "object_repr": "Comment test by ailsa", "action_flag": 3, "change_message": ""}}, {"model": "admin.logentry", "pk": 171, "fields": {"action_time": "2025-01-26T11:09:55.074Z", "user": 1, "content_type": 11, "object_id": "47", "object_repr": "Comment test by ailsa", "action_flag": 3, "change_message": ""}}, {"model": "admin.logentry", "pk": 172, "fields": {"action_time": "2025-01-26T11:09:55.102Z", "user": 1, "content_type": 11, "object_id": "48", "object_repr": "Comment test by ailsa", "action_flag": 3, "change_message": ""}}, {"model": "admin.logentry", "pk": 173, "fields": {"action_time": "2025-01-26T11:09:55.130Z", "user": 1, "content_type": 11, "object_id": "49", "object_repr": "Comment yumyum!! by ailsa", "action_flag": 3, "change_message": ""}}, {"model": "admin.logentry", "pk": 174, "fields": {"action_time": "2025-01-26T13:58:21.077Z", "user": 1, "content_type": 11, "object_id": "33", "object_repr": "Comment Can't wait to try by ailsa", "action_flag": 2, "change_message": "[{\"changed\": {\"fields\": [\"Approved\"]}}]"}}, {"model": "admin.logentry", "pk": 175, "fields": {"action_time": "2025-01-26T14:05:14.264Z", "user": 1, "content_type": 11, "object_id": "34", "object_repr": "Comment Will try this later by ailsa", "action_flag": 2, "change_message": "[{\"changed\": {\"fields\": [\"Approved\"]}}]"}}, {"model": "admin.logentry", "pk": 176, "fields": {"action_time": "2025-01-26T14:12:17.231Z", "user": 1, "content_type": 11, "object_id": "31", "object_repr": "Comment Looks great! by ailsa", "action_flag": 2, "change_message": "[{\"changed\": {\"fields\": [\"Body\", \"Approved\"]}}]"}}, {"model": "admin.logentry", "pk": 177, "fields": {"action_time": "2025-01-26T14:38:10.742Z", "user": 1, "content_type": 11, "object_id": "32", "object_repr": "Comment Looks like a great breakfast! by elena", "action_flag": 2, "change_message": "[{\"changed\": {\"fields\": [\"Recipe\", \"Author\", \"Body\", \"Approved\"]}}]"}}, {"model": "admin.logentry", "pk": 178, "fields": {"action_time": "2025-01-26T15:01:32.629Z", "user": 1, "content_type": 11, "object_id": "50", "object_repr": "Comment Wow, what a lovely recipe :) by luca", "action_flag": 2, "change_message": "[{\"changed\": {\"fields\": [\"Approved\"]}}]"}}, {"model": "admin.logentry", "pk": 179, "fields": {"action_time": "2025-01-26T15:01:35.412Z", "user": 1, "content_type": 11, "object_id": "51", "object_repr": "Comment Yummy! by luca", "action_flag": 2, "change_message": "[{\"changed\": {\"fields\": [\"Approved\"]}}]"}}, {"model": "admin.logentry", "pk": 180, "fields": {"action_time": "2025-01-26T15:01:59.080Z", "user": 1, "content_type": 11, "object_id": "31", "object_repr": "Comment This looks great! by ailsa", "action_flag": 2, "change_message": "[{\"changed\": {\"fields\": [\"Recipe\", \"Body\"]}}]"}}, {"model": "admin.logentry", "pk": 181, "fields": {"action_time": "2025-01-26T15:09:24.218Z", "user": 1, "content_type": 11, "object_id": "52", "object_repr": "Comment This recipe looks absolutely delicious! Can't wait to try it out this weekend. by liam", "action_flag": 1, "change_message": "[{\"added\": {}}]"}}, {"model": "admin.logentry", "pk": 182, "fields": {"action_time": "2025-01-26T15:20:34.934Z", "user": 1, "content_type": 11, "object_id": "53", "object_repr": "Comment This is exactly the kind of dish I was looking for. Perfect for a quick and healthy meal. by isla", "action_flag": 1, "change_message": "[{\"added\": {}}]"}}, {"model": "admin.logentry", "pk": 183, "fields": {"action_time": "2025-01-26T15:20:56.259Z", "user": 1, "content_type": 11, "object_id": "54", "object_repr": "Comment I made this last night, and it was a huge hit with my family. Definitely adding it to our weekly rotation! by shazia", "action_flag": 1, "change_message": "[{\"added\": {}}]"}}, {"model": "admin.logentry", "pk": 184, "fields": {"action_time": "2025-01-26T15:21:26.368Z", "user": 1, "content_type": 11, "object_id": "55", "object_repr": "Comment I love how simple and easy-to-follow the instructions are. Thank you for sharing! by liam", "action_flag": 1, "change_message": "[{\"added\": {}}]"}}, {"model": "admin.logentry", "pk": 185, "fields": {"action_time": "2025-01-26T15:22:11.297Z", "user": 1, "content_type": 11, "object_id": "56", "object_repr": "Comment The step-by-step guide was super helpful. Do you have a similar recipe with a different protein? by isla", "action_flag": 1, "change_message": "[{\"added\": {}}]"}}, {"model": "admin.logentry", "pk": 186, "fields": {"action_time": "2025-01-26T15:22:33.926Z", "user": 1, "content_type": 11, "object_id": "57", "object_repr": "Comment Wow, the flavor combinations here are genius. I can't wait to wow my guests with this! by jamie", "action_flag": 1, "change_message": "[{\"added\": {}}]"}}, {"model": "admin.logentry", "pk": 187, "fields": {"action_time": "2025-01-26T15:23:23.721Z", "user": 1, "content_type": 11, "object_id": "58", "object_repr": "Comment Tried this today, and it turned out amazing! by isla", "action_flag": 1, "change_message": "[{\"added\": {}}]"}}, {"model": "admin.logentry", "pk": 188, "fields": {"action_time": "2025-01-26T15:45:28.129Z", "user": 1, "content_type": 7, "object_id": "39", "object_repr": "test recipe", "action_flag": 1, "change_message": "[{\"added\": {}}]"}}, {"model": "admin.logentry", "pk": 189, "fields": {"action_time": "2025-01-26T15:48:38.472Z", "user": 1, "content_type": 7, "object_id": "39", "object_repr": "test recipe", "action_flag": 3, "change_message": ""}}, {"model": "admin.logentry", "pk": 190, "fields": {"action_time": "2025-01-26T16:00:06.700Z", "user": 1, "content_type": 11, "object_id": "31", "object_repr": "Comment This looks great! by ailsa", "action_flag": 2, "change_message": "[]"}}, {"model": "admin.logentry", "pk": 191, "fields": {"action_time": "2025-01-27T10:28:26.299Z", "user": 1, "content_type": 4, "object_id": "9", "object_repr": "test", "action_flag": 3, "change_message": ""}}, {"model": "admin.logentry", "pk": 192, "fields": {"action_time": "2025-01-27T10:33:00.306Z", "user": 1, "content_type": 11, "object_id": "59", "object_repr": "Comment Thsi looks like the perfect lnuch by test", "action_flag": 2, "change_message": "[{\"changed\": {\"fields\": [\"Approved\"]}}]"}}, {"model": "admin.logentry", "pk": 193, "fields": {"action_time": "2025-01-27T10:35:34.824Z", "user": 1, "content_type": 4, "object_id": "11", "object_repr": "test", "action_flag": 3, "change_message": ""}}, {"model": "admin.logentry", "pk": 194, "fields": {"action_time": "2025-01-27T11:15:42.097Z", "user": 1, "content_type": 11, "object_id": "60", "object_repr": "Comment Such a delicious breakfast idea by ailsa", "action_flag": 2, "change_message": "[{\"changed\": {\"fields\": [\"Approved\"]}}]"}}, {"model": "admin.logentry", "pk": 195, "fields": {"action_time": "2025-01-28T12:31:13.302Z", "user": 1, "content_type": 11, "object_id": "61", "object_repr": "Comment Can't wait to try! by ailsa", "action_flag": 2, "change_message": "[{\"changed\": {\"fields\": [\"Approved\"]}}]"}}, {"model": "auth.permission", "pk": 1, "fields": {"name": "Can add log entry", "content_type": 1, "codename": "add_logentry"}}, {"model": "auth.permission", "pk": 2, "fields": {"name": "Can change log entry", "content_type": 1, "codename": "change_logentry"}}, {"model": "auth.permission", "pk": 3, "fields": {"name": "Can delete log entry", "content_type": 1, "codename": "delete_logentry"}}, {"model": "auth.permission", "pk": 4, "fields": {"name": "Can view log entry", "content_type": 1, "codename": "view_logentry"}}, {"model": "auth.permission", "pk": 5, "fields": {"name": "Can add permission", "content_type": 2, "codename": "add_permission"}}, {"model": "auth.permission", "pk": 6, "fields": {"name": "Can change permission", "content_type": 2, "codename": "change_permission"}}, {"model": "auth.permission", "pk": 7, "fields": {"name": "Can delete permission", "content_type": 2, "codename": "delete_permission"}}, {"model": "auth.permission", "pk": 8, "fields": {"name": "Can view permission", "content_type": 2, "codename": "view_permission"}}, {"model": "auth.permission", "pk": 9, "fields": {"name": "Can add group", "content_type": 3, "codename": "add_group"}}, {"model": "auth.permission", "pk": 10, "fields": {"name": "Can change group", "content_type": 3, "codename": "change_group"}}, {"model": "auth.permission", "pk": 11, "fields": {"name": "Can delete group", "content_type": 3, "codename": "delete_group"}}, {"model": "auth.permission", "pk": 12, "fields": {"name": "Can view group", "content_type": 3, "codename": "view_group"}}, {"model": "auth.permission", "pk": 13, "fields": {"name": "Can add user", "content_type": 4, "codename": "add_user"}}, {"model": "auth.permission", "pk": 14, "fields": {"name": "Can change user", "content_type": 4, "codename": "change_user"}}, {"model": "auth.permission", "pk": 15, "fields": {"name": "Can delete user", "content_type": 4, "codename": "delete_user"}}, {"model": "auth.permission", "pk": 16, "fields": {"name": "Can view user", "content_type": 4, "codename": "view_user"}}, {"model": "auth.permission", "pk": 17, "fields": {"name": "Can add content type", "content_type": 5, "codename": "add_contenttype"}}, {"model": "auth.permission", "pk": 18, "fields": {"name": "Can change content type", "content_type": 5, "codename": "change_contenttype"}}, {"model": "auth.permission", "pk": 19, "fields": {"name": "Can delete content type", "content_type": 5, "codename": "delete_contenttype"}}, {"model": "auth.permission", "pk": 20, "fields": {"name": "Can view content type", "content_type": 5, "codename": "view_contenttype"}}, {"model": "auth.permission", "pk": 21, "fields": {"name": "Can add session", "content_type": 6, "codename": "add_session"}}, {"model": "auth.permission", "pk": 22, "fields": {"name": "Can change session", "content_type": 6, "codename": "change_session"}}, {"model": "auth.permission", "pk": 23, "fields": {"name": "Can delete session", "content_type": 6, "codename": "delete_session"}}, {"model": "auth.permission", "pk": 24, "fields": {"name": "Can view session", "content_type": 6, "codename": "view_session"}}, {"model": "auth.permission", "pk": 25, "fields": {"name": "Can add recipe", "content_type": 7, "codename": "add_recipe"}}, {"model": "auth.permission", "pk": 26, "fields": {"name": "Can change recipe", "content_type": 7, "codename": "change_recipe"}}, {"model": "auth.permission", "pk": 27, "fields": {"name": "Can delete recipe", "content_type": 7, "codename": "delete_recipe"}}, {"model": "auth.permission", "pk": 28, "fields": {"name": "Can view recipe", "content_type": 7, "codename": "view_recipe"}}, {"model": "auth.permission", "pk": 29, "fields": {"name": "Can add ingredient", "content_type": 8, "codename": "add_ingredient"}}, {"model": "auth.permission", "pk": 30, "fields": {"name": "Can change ingredient", "content_type": 8, "codename": "change_ingredient"}}, {"model": "auth.permission", "pk": 31, "fields": {"name": "Can delete ingredient", "content_type": 8, "codename": "delete_ingredient"}}, {"model": "auth.permission", "pk": 32, "fields": {"name": "Can view ingredient", "content_type": 8, "codename": "view_ingredient"}}, {"model": "auth.permission", "pk": 33, "fields": {"name": "Can add category", "content_type": 9, "codename": "add_category"}}, {"model": "auth.permission", "pk": 34, "fields": {"name": "Can change category", "content_type": 9, "codename": "change_category"}}, {"model": "auth.permission", "pk": 35, "fields": {"name": "Can delete category", "content_type": 9, "codename": "delete_category"}}, {"model": "auth.permission", "pk": 36, "fields": {"name": "Can view category", "content_type": 9, "codename": "view_category"}}, {"model": "auth.permission", "pk": 37, "fields": {"name": "Can add recipe category", "content_type": 10, "codename": "add_recipecategory"}}, {"model": "auth.permission", "pk": 38, "fields": {"name": "Can change recipe category", "content_type": 10, "codename": "change_recipecategory"}}, {"model": "auth.permission", "pk": 39, "fields": {"name": "Can delete recipe category", "content_type": 10, "codename": "delete_recipecategory"}}, {"model": "auth.permission", "pk": 40, "fields": {"name": "Can view recipe category", "content_type": 10, "codename": "view_recipecategory"}}, {"model": "auth.permission", "pk": 41, "fields": {"name": "Can add comment", "content_type": 11, "codename": "add_comment"}}, {"model": "auth.permission", "pk": 42, "fields": {"name": "Can change comment", "content_type": 11, "codename": "change_comment"}}, {"model": "auth.permission", "pk": 43, "fields": {"name": "Can delete comment", "content_type": 11, "codename": "delete_comment"}}, {"model": "auth.permission", "pk": 44, "fields": {"name": "Can view comment", "content_type": 11, "codename": "view_comment"}}, {"model": "auth.permission", "pk": 45, "fields": {"name": "Can add attachment", "content_type": 12, "codename": "add_attachment"}}, {"model": "auth.permission", "pk": 46, "fields": {"name": "Can change attachment", "content_type": 12, "codename": "change_attachment"}}, {"model": "auth.permission", "pk": 47, "fields": {"name": "Can delete attachment", "content_type": 12, "codename": "delete_attachment"}}, {"model": "auth.permission", "pk": 48, "fields": {"name": "Can view attachment", "content_type": 12, "codename": "view_attachment"}}, {"model": "auth.permission", "pk": 49, "fields": {"name": "Can add site", "content_type": 13, "codename": "add_site"}}, {"model": "auth.permission", "pk": 50, "fields": {"name": "Can change site", "content_type": 13, "codename": "change_site"}}, {"model": "auth.permission", "pk": 51, "fields": {"name": "Can delete site", "content_type": 13, "codename": "delete_site"}}, {"model": "auth.permission", "pk": 52, "fields": {"name": "Can view site", "content_type": 13, "codename": "view_site"}}, {"model": "auth.permission", "pk": 53, "fields": {"name": "Can add email address", "content_type": 14, "codename": "add_emailaddress"}}, {"model": "auth.permission", "pk": 54, "fields": {"name": "Can change email address", "content_type": 14, "codename": "change_emailaddress"}}, {"model": "auth.permission", "pk": 55, "fields": {"name": "Can delete email address", "content_type": 14, "codename": "delete_emailaddress"}}, {"model": "auth.permission", "pk": 56, "fields": {"name": "Can view email address", "content_type": 14, "codename": "view_emailaddress"}}, {"model": "auth.permission", "pk": 57, "fields": {"name": "Can add email confirmation", "content_type": 15, "codename": "add_emailconfirmation"}}, {"model": "auth.permission", "pk": 58, "fields": {"name": "Can change email confirmation", "content_type": 15, "codename": "change_emailconfirmation"}}, {"model": "auth.permission", "pk": 59, "fields": {"name": "Can delete email confirmation", "content_type": 15, "codename": "delete_emailconfirmation"}}, {"model": "auth.permission", "pk": 60, "fields": {"name": "Can view email confirmation", "content_type": 15, "codename": "view_emailconfirmation"}}, {"model": "auth.permission", "pk": 61, "fields": {"name": "Can add social account", "content_type": 16, "codename": "add_socialaccount"}}, {"model": "auth.permission", "pk": 62, "fields": {"name": "Can change social account", "content_type": 16, "codename": "change_socialaccount"}}, {"model": "auth.permission", "pk": 63, "fields": {"name": "Can delete social account", "content_type": 16, "codename": "delete_socialaccount"}}, {"model": "auth.permission", "pk": 64, "fields": {"name": "Can view social account", "content_type": 16, "codename": "view_socialaccount"}}, {"model": "auth.permission", "pk": 65, "fields": {"name": "Can add social application", "content_type": 17, "codename": "add_socialapp"}}, {"model": "auth.permission", "pk": 66, "fields": {"name": "Can change social application", "content_type": 17, "codename": "change_socialapp"}}, {"model": "auth.permission", "pk": 67, "fields": {"name": "Can delete social application", "content_type": 17, "codename": "delete_socialapp"}}, {"model": "auth.permission", "pk": 68, "fields": {"name": "Can view social application", "content_type": 17, "codename": "view_socialapp"}}, {"model": "auth.permission", "pk": 69, "fields": {"name": "Can add social application token", "content_type": 18, "codename": "add_socialtoken"}}, {"model": "auth.permission", "pk": 70, "fields": {"name": "Can change social application token", "content_type": 18, "codename": "change_socialtoken"}}, {"model": "auth.permission", "pk": 71, "fields": {"name": "Can delete social application token", "content_type": 18, "codename": "delete_socialtoken"}}, {"model": "auth.permission", "pk": 72, "fields": {"name": "Can view social application token", "content_type": 18, "codename": "view_socialtoken"}}, {"model": "auth.user", "pk": 1, "fields": {"password": "pbkdf2_sha256$600000$M79cX89CjoCsiTkZ9hKUYN$6h7WqN0nMCTFZwMaqGIgvbL36lgwKwLO3rJiWH9EO4Q=", "last_login": "2025-01-28T12:30:31.037Z", "is_superuser": true, "username": "ailsa", "first_name": "", "last_name": "", "email": "", "is_staff": true, "is_active": true, "date_joined": "2025-01-13T12:00:32Z", "groups": [], "user_permissions": [53, 54, 55, 56, 57, 58, 59, 60, 1, 2, 3, 4, 9, 10, 11, 12, 5, 6, 7, 8, 13, 14, 15, 16, 17, 18, 19, 20, 45, 46, 47, 48, 33, 34, 35, 36, 41, 42, 43, 44, 29, 30, 31, 32, 25, 26, 27, 28, 37, 38, 39, 40, 21, 22, 23, 24, 49, 50, 51, 52, 61, 62, 63, 64, 65, 66, 67, 68, 69, 70, 71, 72]}}, {"model": "auth.user", "pk": 2, "fields": {"password": "pbkdf2_sha256$600000$ITdQNpTGx1WRR1xUMrLdqx$VhwToBW9bXoe4dhvogfs+5fU6qVh83sLRuU+s5D+mxg=", "last_login": null, "is_superuser": true, "username": "maya", "first_name": "", "last_name": "", "email": "", "is_staff": true, "is_active": true, "date_joined": "2025-01-14T11:46:13Z", "groups": [], "user_permissions": [53, 54, 55, 56, 57, 58, 59, 60, 1, 2, 3, 4, 9, 10, 11, 12, 5, 6, 7, 8, 13, 14, 15, 16, 17, 18, 19, 20, 45, 46, 47, 48, 33, 34, 35, 36, 41, 42, 43, 44, 29, 30, 31, 32, 25, 26, 27, 28, 37, 38, 39, 40, 21, 22, 23, 24, 49, 50, 51, 52, 61, 62, 63, 64, 65, 66, 67, 68, 69, 70, 71, 72]}}, {"model": "auth.user", "pk": 3, "fields": {"password": "pbkdf2_sha256$600000$ITH7ucPL2dcYUNXl7DK2De$o5YaC8UShu4pIHkfLqqJEc2gQKz4CsTdc/jM2vT5en8=", "last_login": "2025-01-23T11:18:32.453Z", "is_superuser": false, "username": "arlo", "first_name": "", "last_name": "", "email": "", "is_staff": true, "is_active": true, "date_joined": "2025-01-14T14:32:31Z", "groups": [], "user_permissions": [45, 46, 47, 48, 41, 42, 43, 44, 29, 30, 31, 32, 25, 26, 27, 28, 37, 38, 39, 40]}}, {"model": "auth.user", "pk": 4, "fields": {"password": "pbkdf2_sha256$600000$4GP4O1dW1Zygci1CoV4ltx$8JWi4Cnx4Avjr9Z7iKdRopLgDG4byulWHfCdbcjjCXw=", "last_login": null, "is_superuser": false, "username": "jamie", "first_name": "", "last_name": "", "email": "", "is_staff": true, "is_active": true, "date_joined": "2025-01-14T14:32:49Z", "groups": [], "user_permissions": [45, 46, 47, 48, 41, 42, 43, 44, 29, 30, 31, 32, 25, 26, 27, 28, 37, 38, 39, 40]}}, {"model": "auth.user", "pk": 5, "fields": {"password": "pbkdf2_sha256$600000$N74dpKPjDBYp3rGeBgT1K0$Aa/I30fypGbusb2/e/A7og8JS7/mnSvRlPjAhmw7ozk=", "last_login": null, "is_superuser": false, "username": "shazia", "first_name": "", "last_name": "", "email": "", "is_staff": true, "is_active": true, "date_joined": "2025-01-14T14:33:03Z", "groups": [], "user_permissions": [45, 46, 47, 48, 41, 42, 43, 44, 29, 30, 31, 32, 25, 26, 27, 28, 37, 38, 39, 40]}}, {"model": "auth.user", "pk": 6, "fields": {"password": "pbkdf2_sha256$600000$JNiOmL2Kl079dprvPzSWd7$wO/ljsuXxVGgYkJPR5FtgaAdapPhNK3XhDDWl6TqH4E=", "last_login": "2025-01-27T10:16:36.286Z", "is_superuser": false, "username": "elena", "first_name": "", "last_name": "", "email": "", "is_staff": true, "is_active": true, "date_joined": "2025-01-14T14:33:14Z", "groups": [], "user_permissions": [45, 46, 47, 48, 41, 42, 43, 44, 29, 30, 31, 32, 25, 26, 27, 28, 37, 38, 39, 40]}}, {"model": "auth.user", "pk": 7, "fields": {"password": "pbkdf2_sha256$600000$y4Ls6pYPjP0Olc0c2IJjFH$4IAHouO05FSjzQoSEulla03Iirq26VwdKNkvv+ua0bs=", "last_login": null, "is_superuser": false, "username": "liam", "first_name": "", "last_name": "", "email": "", "is_staff": false, "is_active": true, "date_joined": "2025-01-14T14:36:43Z", "groups": [], "user_permissions": []}}, {"model": "auth.user", "pk": 8, "fields": {"password": "pbkdf2_sha256$600000$P2qYxq1BdI5BbkGb4qkBTG$eYmbc/fIDBHPDmSdVFYUHiy5gakvqUoLTHrGzPuTHj0=", "last_login": null, "is_superuser": false, "username": "isla", "first_name": "", "last_name": "", "email": "", "is_staff": false, "is_active": true, "date_joined": "2025-01-14T14:39:09.469Z", "groups": [], "user_permissions": []}}, {"model": "auth.user", "pk": 10, "fields": {"password": "pbkdf2_sha256$600000$KGsOqrhNWdwXdlsktRpcBE$esZlvTSKhGG0ynITLWCJqA4wZBiZpyi4oMWl6F1bUXI=", "last_login": "2025-01-26T12:06:34.277Z", "is_superuser": false, "username": "luca", "first_name": "", "last_name": "", "email": "", "is_staff": false, "is_active": true, "date_joined": "2025-01-26T12:06:33.880Z", "groups": [], "user_permissions": []}}, {"model": "contenttypes.contenttype", "pk": 1, "fields": {"app_label": "admin", "model": "logentry"}}, {"model": "contenttypes.contenttype", "pk": 2, "fields": {"app_label": "auth", "model": "permission"}}, {"model": "contenttypes.contenttype", "pk": 3, "fields": {"app_label": "auth", "model": "group"}}, {"model": "contenttypes.contenttype", "pk": 4, "fields": {"app_label": "auth", "model": "user"}}, {"model": "contenttypes.contenttype", "pk": 5, "fields": {"app_label": "contenttypes", "model": "contenttype"}}, {"model": "contenttypes.contenttype", "pk": 6, "fields": {"app_label": "sessions", "model": "session"}}, {"model": "contenttypes.contenttype", "pk": 7, "fields": {"app_label": "nourish_home", "model": "recipe"}}, {"model": "contenttypes.contenttype", "pk": 8, "fields": {"app_label": "nourish_home", "model": "ingredient"}}, {"model": "contenttypes.contenttype", "pk": 9, "fields": {"app_label": "nourish_home", "model": "category"}}, {"model": "contenttypes.contenttype", "pk": 10, "fields": {"app_label": "nourish_home", "model": "recipecategory"}}, {"model": "contenttypes.contenttype", "pk": 11, "fields": {"app_label": "nourish_home", "model": "comment"}}, {"model": "contenttypes.contenttype", "pk": 12, "fields": {"app_label": "django_summernote", "model": "attachment"}}, {"model": "contenttypes.contenttype", "pk": 13, "fields": {"app_label": "sites", "model": "site"}}, {"model": "contenttypes.contenttype", "pk": 14, "fields": {"app_label": "account", "model": "emailaddress"}}, {"model": "contenttypes.contenttype", "pk": 15, "fields": {"app_label": "account", "model": "emailconfirmation"}}, {"model": "contenttypes.contenttype", "pk": 16, "fields": {"app_label": "socialaccount", "model": "socialaccount"}}, {"model": "contenttypes.contenttype", "pk": 17, "fields": {"app_label": "socialaccount", "model": "socialapp"}}, {"model": "contenttypes.contenttype", "pk": 18, "fields": {"app_label": "socialaccount", "model": "socialtoken"}}, {"model": "sessions.session", "pk": "3ekin53suew3tysyln4l19ecoy33q68a", "fields": {"session_data": ".eJxVjkEOwiAURO_C2hAo0EKX7j0D-Xy-FjVgCk00xrvbGhe6nTfzMk_mYWmTXyrNPkU2Msl2v1kAvFDeQDxDPhWOJbc5Bb5V-JdWfiiRrvtv908wQZ3WNQpC64wclNMajHZkVBfIHaXU1ojB0dEABh0UUtcb1EojhiCHKKzqsFulgFiW3D5uyi0hNIoeGhtXqxX9oJXkordWKLVeqFRrKtnT_ZbmBxvF6w0A6U0L:1tckjf:EWkF-dOSUPJd9xcEEy0BtxGgukqjibNaU08TIz_aB2o", "expire_date": "2025-02-11T12:30:31.070Z"}}, {"model": "sessions.session", "pk": "69rwwk2o28sq78qtz9r5zkgjwg9d32f2", "fields": {"session_data": ".eJxVjssOwiAURP-FtSG8CqVL934DgcutRQ2YQhON8d9tTRe6nTNzMi_i_NImt1ScXYpkIJwcfrPg4Yp5A_Hi87lQKLnNKdCtQnda6alEvB337p9g8nVa1yoIroBJKTqre4hRBdNzFFqa0BkYhdVSqM4wE5i3NowASis0YBEkl2GVeoCy5PZ1Y24JfMPofCMDN9JoabVlVKvVr_v1QsVaU8kOH_c0P8nA3h_YKEzO:1taxSc:e9JMre-_LAdctmgNx2B1wGvJM6NGaZfY8WhfUsjeA2I", "expire_date": "2025-02-06T13:41:30.646Z"}}, {"model": "sessions.session", "pk": "7excvh7v402g089qapisihk1rc5r5s18", "fields": {"session_data": ".eJxVjsFOBCEQRP-FsyFA99DLHL37DQSaXgc1YAYm0Rj_3VmzB73Wq3qpLxXTMbd4DNljLWpVVj38zXLiV2k3UF5Se-6ae5t7zfpW0Xc69FMv8vZ47_4TbGls5xqzs8gGwC3BX7gUzHSx4jxQXoivLnhwuJChbFII-cqMHoU4CIOFfEoTcz_a_HVLm5XTlBLTVKslIAIAXLQjbxDPB0PGqL1F-Xiv-6dazfcPjEVMgQ:1tbLpB:Ox-sFmCSYaez5ZY7WAOW5LPRwxTihzzi0-JKshP4Ue8", "expire_date": "2025-02-07T15:42:25.277Z"}}, {"model": "sessions.session", "pk": "9zasmagfhpmwd72ou3umj60lzrftsc6d", "fields": {"session_data": ".eJxVjssOwiAURP-FtSHl1Vu6dO83ELhcLWrAFJpojP9ua1zods7MyTyZ80ub3FJpdimykQm2-82CxwvlDcSzz6fCseQ2p8C3Cv_Syg8l0nX_7f4JJl-nda2DFBo7paSx_YAx6gCDINkrCAbwKG2vpDbQQei8teGIqHtNgJZQCRVWqUcsS24fN-WW0DeKzjc2ClBgjNCD5sIYUNasFyrVmkp2dL-l-cHG7vUG1nJMvw:1taaVw:nQcsGBRp1iEPut1gYweSRRMqn3E2iBHJq9w2n_VLbB0", "expire_date": "2025-02-05T13:11:24.157Z"}}, {"model": "sessions.session", "pk": "baaid0ykt8j5zbyvpqmj6isx3sy5wrra", "fields": {"session_data": ".eJxVjstuwyAURP-FdYV4GuNl9_kGdLlc1yQVRAZLraL8e-3Ki2Q7Z-ZoHizA1pewNVpDTmxikn28ZhHwRuUA6Qrlq3Kspa858qPCT9r4pSb6_jy7b4IF2rKvURCO3kqnvTFgjSerVSQ_S2lGK5yn2QJGEzWSGiwabRBjlC6JUStUuxQQ61b6v5tKzwidUoDOpt3qvHBSeT64wVoh9wuNWsu1BPq55_WXTeL5BwHwTRM:1tc529:JsFz5VpEVBkhE9oqNF3RW6IL2ChMaAivXZHjeD0dd08", "expire_date": "2025-02-09T15:58:49.677Z"}}, {"model": "sessions.session", "pk": "cgjj4y03h5xb2cpdrrd86jc6k16op1d1", "fields": {"session_data": ".eJxVjstuwyAQRf-FdYXMY4zxsvt8AxqGSU1bQWSw1CrKv5dUWSSrK93H0b2KgEffwtF4DzmJVSjx9uxFpC8u9yB9Yvmokmrpe47yXpGPtMlTTfz9_ui-ADZs21jTxLR4UM54axGsZzA6sj8rZReYnOczIEUbDbGegayxRDEql6bFaNIDikT1KP2fzaVnws4pYBfroLoZ9OxADl28g3GhcWu5lsA_l7z_inW6_QED2k0n:1tb0q3:9f68FpOpcgAG6uuyDINRXgFIBI5XUWVLroi2wCKzbnY", "expire_date": "2025-02-06T17:17:55.768Z"}}, {"model": "sessions.session", "pk": "i4t791v9u4zfn7s1dlu0eq6wn1cirmwc", "fields": {"session_data": ".eJxVjMsOwiAQRf-FtSE8Bigu3fsNhBmmUjU0Ke3K-O_apAvd3nPOfYmUt7WmrfOSpiLOQovT74aZHtx2UO653WZJc1uXCeWuyIN2eZ0LPy-H-3dQc6_fGtBoIGWtcdEPVApgGDQbbwO6QKOJ3hpwQQVUOUYcicADB4pMVlsU7w-9ajdH:1tXJ94:e5jeY3-yLPWGDeH3ZlOiSCkQs25dr6hvpphm-LaeFYk", "expire_date": "2025-01-27T12:02:14.830Z"}}, {"model": "sessions.session", "pk": "n877xhv4tasi7i2pyfxd0t80dh6qqfin", "fields": {"session_data": ".eJxVjMsOwiAQRf-FtSE8Bigu3fsNhBmmUjU0Ke3K-O_apAvd3nPOfYmUt7WmrfOSpiLOQovT74aZHtx2UO653WZJc1uXCeWuyIN2eZ0LPy-H-3dQc6_fGtBoIGWtcdEPVApgGDQbbwO6QKOJ3hpwQQVUOUYcicADB4pMVlsU7w-9ajdH:1tY0kt:stC02_J7qn7FPiw0fb1s48azE8Y02poIThPJwxoo5aY", "expire_date": "2025-01-29T10:36:11.922Z"}}, {"model": "sessions.session", "pk": "nkrrblb89rv7ehsnnd6qb521vdqqmud6", "fields": {"session_data": ".eJxVjksOAiEQRO_C2hC-MszSvWcgTdM6qAEzMInGeHdH40K39ape6sECLH0KS6M55MRGJtnmN4uAZypvkE5QjpVjLX3Okb8r_Esb39dEl923-yeYoE3rGgXh4K102hsD1niyWkXyBynNYIXzdLCA0USNpLYWjTaIMUqXxKAVqlUKiHUp_eOm0jNCpxSgs3G1Ou-V2xou7CC10OuFRq3lWgLdrnm-s1E8XwIRTRI:1tcRJM:6wa3GfpNAAi5w2biIevHrH1TIoc7SYr76kapxC_H5Ww", "expire_date": "2025-02-10T15:46:04.083Z"}}, {"model": "sessions.session", "pk": "pcfungfwnkh7k04vziiign78r37hg44w", "fields": {"session_data": ".eJxVjstuwyAURP-FdYXM8xovu883ILhc1yQVRAZLraL8e-3Ki2Q7Z-ZoHsyHrS9-a7T6nNjEBPt4zWLAG5UDpGsoX5VjLX3NkR8VftLGLzXR9-fZfRMsoS37WkcpNA5KSePsiCnpCKMgaRVEAzhLZ5XUBgaIQ3AuzojaagJ0hEqouEsDYt1K_3dT6RlDp-RDZ5MABaNzYIEbaay1cr_QqLVci6efe15_2TQ8_wDYrkzP:1tc37P:BaxkLEDejJSUfETc1RVV45LZNPDOibNsmDyDLeF7jMA", "expire_date": "2025-02-09T13:56:07.526Z"}}, {"model": "sessions.session", "pk": "r7bn9zey83y1lhpcgbu51sx9fa1rl5rl", "fields": {"session_data": ".eJxVjstuwyAURP-FdYV4mWu87D7fgOByXZNUEBkstYry77UrL5LtnJmjeTAftr74rdHqc2ITk-zjNYsBb1QOkK6hfFWOtfQ1R35U-Ekbv9RE359n902whLbsaxOVNCi0VoOzI6ZkIoySlNUQB8BZOauVGUBAFMG5OCMaawjQEWqp4y4NiHUr_d9NpWcMnZIPnU0SNEhllRu5ASGFHvYLjVrLtXj6uef1l03i-QfVHEyx:1tYnu6:9bvfsbRL6IJjq_d-bEwRgm4zW_jmb5b8QachuwaVKSU", "expire_date": "2025-01-31T15:04:58.471Z"}}, {"model": "sessions.session", "pk": "y6of1bz6d2cbeytielwu9qe1e2a4plqr", "fields": {"session_data": ".eJxVjsFuwyAQRP-Fc4UwhAV87D3fgGB3XdNWEBkstYry73WqHJLrvJmnuYqY9rHGvfMWC4lZgHh7znLCL653QJ-pfjSJrY6tZHmvyAft8tyIv98f3RfBmvp6rK027C1k1lPSRAtOwGqxlnwODowj9LCQdrAoNB4s2gBeBczegNPOHNKE2PY6_t1cR8E0mGIaYp6ccUFpc3JSKx2cOR507r20GvnnUrZfMavbH77CTKQ:1tc3n1:b0gfyGoxzxrq_vpQyJaByC_J3GzEZRzJuSOaw2Ozmpc", "expire_date": "2025-02-09T14:39:07.204Z"}}, {"model": "sessions.session", "pk": "z9xnv4e408odw6iyyp8ijk40obf60azg", "fields": {"session_data": ".eJxVjstuwyAURP-FdYV4GuNl9_kGdLlc1yQVRAZLraL8e-3Ki2Q7Z-ZoHizA1pewNVpDTmxikn28ZhHwRuUA6Qrlq3Kspa858qPCT9r4pSb6_jy7b4IF2rKvURCO3kqnvTFgjSerVSQ_S2lGK5yn2QJGEzWSGiwabRBjlC6JUStUuxQQ61b6v5tKzwidUoDOpt3q7DAYL7lTXgit9guNWsu1BPq55_WXTeL5BwGhTQ8:1taePz:K_1dSsUdplmx8llAgL_8Bi2OAFUZp69tO5OrvgTaq2M", "expire_date": "2025-02-05T17:21:31.730Z"}}, {"model": "sessions.session", "pk": "zvzdizy9x65a68klimyn5w1k5eis2ksi", "fields": {"session_data": ".eJxVjstuwyAURP-FdYSAy8N4mX2_AcHlJiaJoDJYahXl32tXWbTbOTNH82QhbmMJW6c1lMxmJtnpb5Yi3qkeIN9ivTaOrY61JH5U-Jt2_tEyPc7v7j_BEvuyr3VSUqMAUMbbCXPWyU2SlAWXjMOL8haUNk64JKL36YKorSaHnhAkpF0aEdtWx6-b6igYB-UQB5ulg0kYY43iIK0HMe0XOvVeWg309VnWbzaL1w_VnUy3:1tchfg:4majaE8wz0-ZIah-_TGHwsH7k7BFMJ-DH-L48kVnxQ0", "expire_date": "2025-02-11T09:14:12.318Z"}}, {"model": "sites.site", "pk": 1, "fields": {"domain": "example.com", "name": "example.com"}}, {"model": "nourish_home.category", "pk": 1, "fields": {"name": "Vegetarian"}}, {"model": "nourish_home.category", "pk": 2, "fields": {"name": "Vegan"}}, {"model": "nourish_home.category", "pk": 3, "fields": {"name": "Gluten Free"}}, {"model": "nourish_home.category", "pk": 5, "fields": {"name": "Under 30 mins"}}, {"model": "nourish_home.category", "pk": 6, "fields": {"name": "Dinner"}}, {"model": "nourish_home.category", "pk": 7, "fields": {"name": "Breakfast"}}, {"model": "nourish_home.category", "pk": 8, "fields": {"name": "Budget eats"}}, {"model": "nourish_home.category", "pk": 9, "fields": {"name": "Wow your guests"}}, {"model": "nourish_home.category", "pk": 10, "fields": {"name": "Lunch"}}, {"model": "nourish_home.category", "pk": 11, "fields": {"name": "Gluten free"}}, {"model": "nourish_home.category", "pk": 12, "fields": {"name": "Meat"}}, {"model": "nourish_home.category", "pk": 13, "fields": {"name": "Fish"}}, {"model": "nourish_home.category", "pk": 14, "fields": {"name": "Protein-focused"}}, {"model": "nourish_home.category", "pk": 15, "fields": {"name": "Prep ahead"}}, {"model": "nourish_home.recipe", "pk": 6, "fields": {"title": "Memorable Mezze Feast Bowl", "slug": "memorable-mezze-feast-bowl", "author": 1, "featured_image": "image/upload/v1737714396/lfvg9gka0iinaqjhmr7v.webp", "ingredients": "1 large Cucumber\r\n2 medium Tomatoes\r\n1 small Red Onion\r\n100g Feta Cheese\r\n50g Olives\r\n2 pieces Pita Bread\r\n200g Hummus", "cooking_time": 0, "prep_time": 20, "servings": 4, "description": "This vibrant Memorable Mezze Feast Bowl is a perfect blend of fresh, nutritious ingredients that will nourish your body and delight your taste buds. Packed with crisp vegetables, creamy hummus, tangy feta, and hearty pita bread, it's a feast for the senses.", "instructions": "Chop the cucumber, tomatoes, and red onion into bite-sized pieces.\r\nCrumble the feta cheese.\r\nSlice the olives.\r\nArrange the pita bread and hummus on a large serving platter.\r\nAdd the chopped vegetables, feta cheese, and olives to the platter.\r\nServe with a drizzle of olive oil and a sprinkle of fresh herbs.", "status": 1, "categories": [10, 11, 5, 1]}}, {"model": "nourish_home.recipe", "pk": 7, "fields": {"title": "Baked Eggs & Garlicky Greens", "slug": "baked-eggs-garlicky-greens", "author": 3, "featured_image": "image/upload/v1737714331/qrtbur97x0mtizy0dffu.webp", "ingredients": "6 Eggs\r\n4 cloves Garlic\r\n200g Spinach\r\n150g Cherry Tomatoes\r\n50g Feta Cheese\r\n30ml Olive Oil\r\nSalt (to taste)\r\nPepper (to taste)", "cooking_time": 15, "prep_time": 10, "servings": 4, "description": "This Baked Eggs & Garlicky Greens dish is a nutritious and satisfying breakfast that will energize your morning. The combination of creamy eggs, garlicky greens, and tangy feta cheese creates a comforting and flavorful meal.", "instructions": "Preheat the oven to 180C (350F).\r\nGrease a baking dish with olive oil.\r\nSaut the garlic in olive oil until fragrant.\r\nAdd the spinach and cherry tomatoes, cooking until wilted.\r\nCrack the eggs into the baking dish, spacing them evenly.\r\nSprinkle the sauted greens and feta cheese over the eggs.\r\nSeason with salt and pepper.\r\nBake for 10-12 minutes, or until the eggs are set.\r\nServe hot with a side of crusty bread.", "status": 1, "categories": [8, 1, 5, 7]}}, {"model": "nourish_home.recipe", "pk": 8, "fields": {"title": "Crispy & Spiced Chickpea Bowl", "slug": "crispy-spiced-chickpea-bowl", "author": 6, "featured_image": "image/upload/v1737714317/cfsqe6idwug9jfyeqeoy.webp", "ingredients": "1 can (400g) Chickpeas\r\n2 tbsp Olive Oil\r\n1 tsp Paprika\r\n1 tsp Cumin\r\n1 tsp Garlic Powder\r\n1 tsp Coriander\r\n1/2 tsp Chili Powder\r\n1 tbsp Lemon Juice\r\n1 cup Cooked Quinoa\r\n1 medium Avocado\r\n100g Spinach\r\n2 tbsp Tahini\r\n1 tbsp Water\r\nSalt (to taste)\r\nPepper (to taste)", "cooking_time": 25, "prep_time": 10, "servings": 2, "description": "This Crispy & Spiced Chickpea Bowl is a vibrant and nourishing dish that packs a punch of flavors and textures. The chickpeas are perfectly spiced and crispy, providing a satisfying crunch that pairs beautifully with creamy avocado, hearty quinoa, and fresh spinach. The tangy tahini dressing adds the finishing touch, making this bowl a complete, fulfilling meal thats as nutritious as it is delicious.", "instructions": "Preheat your oven to 200C (400F).\r\nDrain and rinse the chickpeas, then pat them dry with a towel. Spread them on a baking tray and drizzle with olive oil.\r\nIn a small bowl, combine paprika, cumin, garlic powder, coriander, chili powder, salt, and pepper. Sprinkle the spice mixture over the chickpeas, tossing them to coat evenly.\r\nRoast the chickpeas in the oven for 20-25 minutes, or until golden and crispy, tossing halfway through.\r\nWhile the chickpeas are roasting, prepare the quinoa according to package instructions.\r\nTo make the tahini dressing, mix tahini, lemon juice, and water in a bowl. Adjust the water to reach your desired consistency, adding more if needed. Season with salt and pepper.\r\nIn a large bowl, layer the cooked quinoa, fresh spinach, and sliced avocado. Top with the crispy chickpeas.\r\nDrizzle with the tahini dressing, give everything a gentle toss, and serve warm or at room temperature.", "status": 1, "categories": [2, 5, 8, 10, 11]}}, {"model": "nourish_home.recipe", "pk": 9, "fields": {"title": "Golden & Aromatic Chicken Curry", "slug": "golden-aromatic-chicken-curry", "author": 4, "featured_image": "image/upload/v1737714296/p9xebmdylcfmjhhus0cx.webp", "ingredients": "500g Chicken Thighs (boneless, skinless)\r\n400ml Coconut Milk\r\n1 large Onion\r\n4 cloves Garlic\r\n2 inches fresh Ginger\r\n1 tsp Ground Turmeric\r\n1 tsp Ground Cumin\r\n1 tsp Ground Coriander\r\n1/2 tsp Ground Cinnamon\r\n1 tsp Chili Powder\r\n2 medium Tomatoes (chopped)\r\n2 tbsp Olive Oil\r\nSalt (to taste)\r\nPepper (to taste)\r\n2 tbsp Fresh Cilantro (for garnish)\r\n1 cup Rice (for serving)", "cooking_time": 30, "prep_time": 10, "servings": 4, "description": "This Golden & Aromatic Chicken Curry is a soul-warming dish that transports you to the heart of aromatic spices and rich, velvety coconut milk. The combination of turmeric, cumin, coriander, and cinnamon creates a deep, golden hue, while the tender chicken simmers to perfection, absorbing all the vibrant flavors. This curry is satisfying, nourishing, and comfortingperfect for any day you crave a little spice and warmth.", "instructions": "Begin by chopping the onion, garlic, and ginger. Set aside.\r\nIn a large pot, heat olive oil over medium heat. Add the chopped onion and saut for 3-4 minutes until soft and translucent.\r\nAdd the garlic and ginger to the pot, cooking for another 2 minutes until fragrant.\r\nStir in the turmeric, cumin, coriander, cinnamon, and chili powder. Cook for 1-2 minutes to toast the spices and bring out their full flavor.\r\nAdd the chopped tomatoes, salt, and pepper. Stir everything together, cooking for 5 minutes until the tomatoes begin to break down.\r\nAdd the chicken thighs, cooking them for 4-5 minutes on each side until browned.\r\nPour in the coconut milk, bring the mixture to a gentle simmer, and cover the pot. Let it cook for 15-20 minutes until the chicken is fully cooked and the sauce thickens.\r\nWhile the curry is simmering, cook the rice according to package instructions.\r\nOnce the chicken is tender, adjust the seasoning with salt and pepper to taste.\r\nServe the curry over the rice, garnished with fresh cilantro. Enjoy the golden goodness and aromatic warmth of this comforting dish.", "status": 1, "categories": [8, 3, 12, 6]}}, {"model": "nourish_home.recipe", "pk": 10, "fields": {"title": "Zesty & Fresh Pesto Pasta", "slug": "zesty-fresh-pesto-pasta", "author": 5, "featured_image": "image/upload/v1737714279/jlmbwqmcrmwh0xgqefvu.webp", "ingredients": "250g Pasta (your choice)\r\n2 cups (packed) Fresh Basil\r\n2 cloves Garlic\r\n1/4 cup Pine Nuts\r\n1/2 cup (grated) Parmesan Cheese\r\n1/4 cup Olive Oil\r\n2 tbsp Lemon Juice\r\n1 tbsp Zest of 1 Lemon\r\nSalt (to taste)\r\nPepper (to taste)", "cooking_time": 10, "prep_time": 10, "servings": 2, "description": "This Zesty & Fresh Pesto Pasta is an explosion of vibrant, herby flavors with a refreshing twist from the citrusy lemon zest. The fresh basil pesto, made from scratch, is perfectly creamy with a delightful crunch from pine nuts and a salty bite from Parmesan. It's a quick, yet deliciously satisfying dish that brings together the bright flavors of summer in every bite.", "instructions": "Cook the pasta according to package instructions until al dente. Drain and set aside, reserving 1/4 cup of pasta cooking water.\r\nIn a food processor or blender, combine the basil, garlic, pine nuts, Parmesan cheese, lemon zest, and lemon juice. Pulse until everything is finely chopped.\r\nWith the processor running, slowly drizzle in the olive oil until the pesto is smooth and creamy. Season with salt and pepper to taste.\r\nIn a large bowl, toss the cooked pasta with the pesto, adding a little reserved pasta water if the sauce is too thick.\r\nServe immediately, garnished with extra Parmesan and a sprinkle of black pepper. Enjoy the bright, zesty flavors of this refreshing pesto pasta!", "status": 1, "categories": [1, 10, 5]}}, {"model": "nourish_home.recipe", "pk": 11, "fields": {"title": "Cheesy Stuffed Pepper Casserole", "slug": "cheesy-stuffed-pepper-casserole", "author": 1, "featured_image": "image/upload/v1737714258/ktqxaypeicrb3fp5zas2.webp", "ingredients": "4 medium Bell Peppers (red, yellow, or green)\r\n500g Ground Beef\r\n1 cup Cooked Rice\r\n1 cup Tomato Sauce\r\n1 cup (shredded) Cheddar Cheese\r\n1 cup (shredded) Mozzarella Cheese\r\n1 medium Onion, chopped\r\n3 cloves Garlic, minced\r\n1 tbsp Olive Oil\r\n1 tsp Ground Cumin\r\n1 tsp Chili Powder\r\nSalt (to taste)\r\nPepper (to taste)\r\n2 tbsp Fresh Cilantro (for garnish)", "cooking_time": 30, "prep_time": 15, "servings": 4, "description": "This Cheesy Stuffed Pepper Casserole is a comforting and hearty dish that combines the classic flavors of stuffed peppers in an easy-to-make casserole form. Tender bell peppers, juicy ground beef, and seasoned rice are topped with a gooey layer of melted mozzarella and cheddar, creating a satisfying and cheesy meal perfect for any occasion.", "instructions": "Preheat your oven to 180C (350F).\r\nSlice the bell peppers in half and remove the seeds and membranes. Set aside.\r\nIn a large skillet, heat olive oil over medium heat. Add the chopped onion and saut for 3-4 minutes until softened.\r\nAdd the minced garlic to the skillet and cook for another minute until fragrant.\r\nAdd the ground beef to the skillet, breaking it apart as it cooks. Season with cumin, chili powder, salt, and pepper. Cook until the beef is browned and fully cooked.\r\nStir in the cooked rice and tomato sauce, mixing until everything is well combined.\r\nIn a baking dish, layer the stuffed peppers by spooning the beef and rice mixture into each pepper half.\r\nSprinkle the shredded cheddar and mozzarella cheeses on top of the stuffed peppers.\r\nCover the baking dish with foil and bake for 20-25 minutes until the peppers are tender and the cheese is melted.\r\nRemove the foil and bake for an additional 5 minutes to allow the cheese to become golden and bubbly.\r\nGarnish with fresh cilantro before serving and enjoy this cheesy, comforting casserole!", "status": 1, "categories": [3, 12, 6, 9]}}, {"model": "nourish_home.recipe", "pk": 12, "fields": {"title": "Crispy Chicken & Fresh Greens Salad", "slug": "crispy-chicken-fresh-greens-salad", "author": 3, "featured_image": "image/upload/v1737714244/tlivydbxqkjx2njlgnf0.webp", "ingredients": "2 boneless, skinless Chicken Breasts\r\n4 cups Mixed Greens (e.g., spinach, arugula, or kale)\r\n1 large Cucumber, sliced\r\n1 cup Cherry Tomatoes, halved\r\n1 Avocado, sliced\r\n1/4 small Red Onion, thinly sliced\r\n2 tbsp Olive Oil (for frying)\r\n1 cup Panko Breadcrumbs\r\n1 large Egg (for breading)\r\n1/2 cup Flour\r\n1 tsp Garlic Powder\r\n1 tsp Paprika\r\nSalt (to taste)\r\nPepper (to taste)\r\nLemon Vinaigrette (to taste, for dressing)", "cooking_time": 15, "prep_time": 15, "servings": 2, "description": "This Crispy Chicken & Fresh Greens Salad is a fresh, vibrant dish featuring tender greens, crisp vegetables, and golden, crispy chicken. The crunch of the panko-breaded chicken adds a delightful texture, while the creamy avocado and tangy lemon vinaigrette bring a burst of flavor. It's the perfect combination of lightness and satisfaction, ideal for a healthy meal or as a standout dish to impress your guests.", "instructions": "Preheat the oven to 180C (350F).\r\nStart by preparing the breading for the chicken. In three shallow bowls, place flour in the first, beaten egg in the second, and panko breadcrumbs mixed with garlic powder, paprika, salt, and pepper in the third.\r\nDredge the chicken breasts in the flour, dip into the egg, and coat in the breadcrumb mixture.\r\nHeat olive oil in a skillet over medium heat. Once hot, cook the breaded chicken breasts for 4-5 minutes on each side until golden brown and crispy.\r\nRemove the chicken from the skillet and place it on a baking sheet. Finish cooking in the oven for 10-12 minutes, or until the internal temperature reaches 75C (165F).\r\nWhile the chicken cooks, prepare the salad. In a large bowl, combine the mixed greens, sliced cucumber, cherry tomatoes, avocado, and red onion.\r\nOnce the chicken is ready, remove it from the oven and slice it into strips.\r\nArrange the salad in bowls and top with the crispy chicken. Drizzle with lemon vinaigrette. Serve immediately and enjoy the satisfying crunch and freshness of this delicious salad!", "status": 1, "categories": [3, 5, 6, 10, 12]}}, {"model": "nourish_home.recipe", "pk": 13, "fields": {"title": "Satisfying Steak Dinner", "slug": "satisfying-steak-dinner", "author": 6, "featured_image": "image/upload/v1737714217/murnoy6wp07yfyq5grzy.webp", "ingredients": "2 Ribeye or Sirloin Steaks (about 200-250g each)\r\n2 tbsp Olive Oil (for searing)\r\n2 tbsp Butter\r\n3 cloves Garlic, smashed\r\n2 sprigs Fresh Rosemary\r\nSalt (to taste)\r\nPepper (to taste)\r\n4 medium Potatoes, peeled and cut into wedges\r\n1 tbsp Olive Oil (for roasting)\r\n1 tsp Dried Thyme\r\n1/4 cup Parmesan Cheese (grated, optional)\r\n200g Green Beans, trimmed\r\n1 Lemon (for zest and juice)", "cooking_time": 30, "prep_time": 15, "servings": 2, "description": "The Satisfying Steak Dinner is a feast for both the eyes and the palate. Juicy, perfectly seared steaks are finished in butter and garlic, adding rich flavor with each bite. Paired with crispy, herb-infused potato wedges and sauted green beans, this dinner is simple yet indulgent, perfect for a special occasion or a cozy night in.", "instructions": "Preheat the oven to 200C (400F).\r\nStart by preparing the potato wedges. Toss the potato wedges with olive oil, dried thyme, salt, and pepper. Spread them out on a baking sheet in a single layer. Roast in the oven for 25-30 minutes, flipping halfway through, until golden and crispy.\r\nWhile the potatoes roast, season the steaks with salt and pepper on both sides.\r\nHeat olive oil in a large skillet over high heat. Once hot, add the steaks and sear for 3-4 minutes per side for medium-rare (adjust the cooking time for your desired doneness).\r\nAdd butter, garlic, and rosemary to the skillet during the last minute of cooking. Tilt the pan and spoon the melted butter over the steaks to baste them.\r\nRemove the steaks from the skillet and let them rest for 5 minutes.\r\nIn the same skillet, quickly saut the green beans for 3-4 minutes until tender but still crisp. Season with salt, pepper, and a squeeze of lemon juice.\r\nServe the steaks with the roasted potato wedges and green beans. Garnish with a sprinkle of Parmesan on the potatoes, if desired, and a drizzle of fresh lemon zest. Enjoy this satisfying, indulgent dinner!", "status": 1, "categories": [12, 6, 14]}}, {"model": "nourish_home.recipe", "pk": 14, "fields": {"title": "Fluffy Classic Vegetable Frittata", "slug": "fluffy-classic-vegetable-frittata", "author": 4, "featured_image": "image/upload/v1737714194/s1ktdwzeibcysztetuhq.webp", "ingredients": "8 large Eggs\r\n1 medium Bell Pepper, diced\r\n1 small Red Onion, diced\r\n1 medium Zucchini, diced\r\n2 cups fresh Spinach\r\n1 cup Cheddar Cheese, shredded\r\n1/2 cup Feta Cheese, crumbled\r\n2 tbsp Olive Oil\r\n2 cloves Garlic, minced\r\nSalt, to taste\r\nPepper, to taste\r\n2 tbsp Fresh Herbs (Parsley, Chives, or Thyme), chopped (optional)", "cooking_time": 20, "prep_time": 15, "servings": 4, "description": "This Fluffy Classic Vegetable Frittata is a delicious, hearty meal perfect for breakfast, lunch, or dinner. Packed with fresh vegetables and two kinds of cheese, its light yet satisfying. The eggs are whipped to create a fluffy texture, while the veggies bring color, crunch, and nutrition. Whether enjoyed on its own or served with a side salad, its a flavorful dish thats sure to impress.", "instructions": "Preheat the oven to 180C (350F).\r\nHeat olive oil in a large oven-safe skillet over medium heat. Add the diced bell peppers, onion, and zucchini. Saut for 5-6 minutes, stirring occasionally, until the vegetables are softened.\r\nAdd the minced garlic and cook for another minute until fragrant.\r\nAdd the spinach to the skillet and cook for 2-3 minutes, until wilted. Season with salt and pepper.\r\nIn a bowl, whisk together the eggs, cheddar cheese, and feta cheese. Season with salt and pepper to taste.\r\nPour the egg mixture over the vegetables in the skillet, ensuring its evenly distributed.\r\nCook over medium heat for 3-4 minutes, gently lifting the edges of the frittata with a spatula to let the uncooked egg flow underneath.\r\nTransfer the skillet to the preheated oven and bake for 10-12 minutes, or until the frittata is set in the center and lightly golden on top.\r\nRemove the frittata from the oven and let it cool for a few minutes before slicing.\r\nGarnish with fresh herbs, if desired, and serve warm or at room temperature. Enjoy this light and fluffy frittata for any meal of the day!", "status": 1, "categories": [1, 7, 8, 10]}}, {"model": "nourish_home.recipe", "pk": 15, "fields": {"title": "Spinach & Walnut Power Omelette", "slug": "spinach-walnut-power-omelette", "author": 5, "featured_image": "image/upload/v1737714175/bvlwyebacoafsgeq0ivz.webp", "ingredients": "4 large Eggs\r\n2 cups fresh Spinach, chopped\r\n1/4 cup Walnuts, chopped\r\n1/4 cup Cheddar Cheese, shredded (optional)\r\n1 tbsp Olive Oil\r\n1 clove Garlic, minced\r\nSalt, to taste\r\nPepper, to taste\r\n1 tbsp Fresh Parsley, chopped (optional)", "cooking_time": 5, "prep_time": 5, "servings": 1, "description": "The Spinach & Walnut Power Omelette is a nutrient-packed, protein-rich meal perfect for a healthy start to your day. With the wholesome goodness of fresh spinach, the crunch of walnuts, and a sprinkle of cheese (if desired), its a quick and satisfying dish that will keep you feeling energized and focused. Plus, its a breeze to make, perfect for busy mornings or a quick post-workout meal.", "instructions": "In a small bowl, whisk the eggs and season with salt and pepper.\r\nHeat the olive oil in a non-stick skillet over medium heat. Add the minced garlic and saut for 1-2 minutes until fragrant.\r\nAdd the chopped spinach to the skillet and cook for 2-3 minutes, until wilted.\r\nPour the beaten eggs into the skillet, ensuring they cover the spinach evenly.\r\nScatter the chopped walnuts evenly over the eggs and cook for 2-3 minutes, until the edges begin to set.\r\nOptionally, sprinkle shredded cheddar cheese on top and let it melt.\r\nOnce the omelette is mostly set but still slightly runny on top, fold it gently in half. Cook for another 1-2 minutes, until fully set.\r\nSlide the omelette onto a plate, garnish with fresh parsley (optional), and serve warm. Enjoy your power-packed breakfast!", "status": 1, "categories": [8, 1, 14, 7]}}, {"model": "nourish_home.recipe", "pk": 16, "fields": {"title": "Juicy Lamb Meatballs with Basil", "slug": "juicy-lamb-meatballs-with-basil", "author": 1, "featured_image": "image/upload/v1737714160/skx7fludfsm0mwmhcucb.webp", "ingredients": "500g Ground Lamb\r\n1/4 cup Breadcrumbs\r\n1 large Egg\r\n2 cloves Garlic, minced\r\n2 tbsp Fresh Parsley, chopped\r\n1 tsp Ground Cumin\r\n1/2 tsp Ground Cinnamon\r\nSalt, to taste\r\nPepper, to taste\r\n2 tbsp Olive Oil (for frying)\r\n1 medium Onion, chopped\r\n2 tbsp Tomato Paste\r\n400g Canned Tomatoes\r\n1/2 cup Red Wine (optional)\r\n1 tsp Ground Paprika\r\n1 tsp Sugar (optional, to balance acidity)\r\n2 tbsp Fresh Basil, chopped (for garnish)", "cooking_time": 30, "prep_time": 15, "servings": 4, "description": "These juicy lamb meatballs are bursting with flavor, nestled in a rich, aromatic tomato sauce. The meatballs are tender and packed with spices like cumin and cinnamon, making each bite a savory, slightly sweet treat. The sauce, enriched with a splash of red wine and tomato paste, adds depth and complexity. Serve these meatballs over rice, couscous, or with crusty bread for an irresistible meal.", "instructions": "In a large bowl, combine the ground lamb, breadcrumbs, egg, minced garlic, chopped parsley, cumin, cinnamon, salt, and pepper. Mix until fully combined.\r\nRoll the mixture into meatballs, about 1-2 inches in diameter, and set aside.\r\nHeat olive oil in a large skillet over medium heat. Add the meatballs in batches, being careful not to overcrowd the pan. Cook for 3-4 minutes per side, turning to brown them evenly. Remove from the pan and set aside.\r\nIn the same skillet, add the chopped onion and saut for 4-5 minutes until soft and golden. Add the tomato paste and cook for 1-2 minutes, stirring frequently.\r\nPour in the canned tomatoes and red wine (if using), and stir to combine. Add paprika and sugar (if desired) to balance the sauces acidity.\r\nReturn the meatballs to the pan, gently nestling them into the sauce. Reduce the heat to low and simmer for 20 minutes, or until the meatballs are fully cooked through and tender.\r\nTaste and adjust seasoning with salt and pepper, if necessary.\r\nGarnish with freshly chopped basil before serving. Enjoy with rice, couscous, or crusty bread to soak up the delicious sauce!", "status": 1, "categories": [12, 6, 14]}}, {"model": "nourish_home.recipe", "pk": 17, "fields": {"title": "Bold & Flavorful Carne Asada Tacos", "slug": "bold-flavorful-carne-asada-tacos", "author": 3, "featured_image": "image/upload/v1737714142/lzg95dhpv6k8nsxxauty.webp", "ingredients": "500g Flank Steak or Skirt Steak\r\n2 tbsp Olive Oil\r\n3 cloves Garlic, minced\r\n2 Limes, juiced\r\n1/4 cup Fresh Cilantro, chopped\r\n1 tsp Ground Cumin\r\n1 tsp Ground Paprika\r\n1 tsp Chili Powder\r\nSalt, to taste\r\nPepper, to taste\r\n8 small Taco Tortillas\r\n1 small Red Onion, thinly sliced\r\n1 Avocado, sliced\r\n1/2 cup Sour Cream (optional)\r\n1/2 cup Salsa (optional)", "cooking_time": 15, "prep_time": 20, "servings": 4, "description": "These Bold & Flavorful Carne Asada Tacos are a fiesta of vibrant flavors! The juicy, marinated flank steak is grilled to perfection, then tucked into soft tortillas with all the fixingsfresh cilantro, zesty lime, creamy avocado, and a hint of smoky spice. Whether for a casual weeknight meal or a weekend taco night with friends, these tacos are guaranteed to bring bold flavor to your table.", "instructions": "In a small bowl, whisk together the olive oil, minced garlic, lime juice, chopped cilantro, ground cumin, paprika, chili powder, salt, and pepper to create the marinade.\r\nPlace the flank steak in a resealable plastic bag or shallow dish and pour the marinade over the steak, making sure its evenly coated. Seal the bag or cover the dish and refrigerate for at least 30 minutes to marinate, or up to 4 hours for more flavor.\r\nPreheat your grill or grill pan to medium-high heat.\r\nRemove the steak from the marinade and let it come to room temperature for about 10 minutes.\r\nGrill the steak for about 4-5 minutes per side for medium-rare, or longer for your desired level of doneness.\r\nLet the steak rest for 5 minutes before slicing thinly against the grain.\r\nWarm the taco tortillas in a dry skillet or on the grill for about 30 seconds per side.\r\nTo assemble the tacos, place a few slices of carne asada on each tortilla. Top with thinly sliced red onion, avocado slices, fresh cilantro, and a squeeze of lime.\r\nOptional: Add a dollop of sour cream and a spoonful of salsa for extra creaminess and flavor.\r\nServe immediately and enjoy the bold, juicy flavors in every bite!", "status": 1, "categories": [12, 5, 6, 14]}}, {"model": "nourish_home.recipe", "pk": 18, "fields": {"title": "Ultimate Berry Breakfast Bliss", "slug": "ultimate-berry-breakfast-bliss", "author": 6, "featured_image": "image/upload/v1737714120/zgasw444vvji2xtqcfk0.webp", "ingredients": "2 cups Mixed Berries (blueberries, strawberries, raspberries, or blackberries)\r\n1 cup Greek Yogurt\r\n2 tbsp Chia Seeds\r\n1 tbsp Honey\r\n1/4 cup Almonds, sliced\r\n1/4 cup Granola\r\n1 tbsp Coconut Flakes (optional)\r\n1 sprig Fresh Mint (optional)", "cooking_time": 0, "prep_time": 10, "servings": 2, "description": "The Ultimate Berry Breakfast Bliss is a nourishing and delicious way to start your day. Packed with fresh, juicy berries, creamy Greek yogurt, and topped with crunchy granola, chia seeds, and almonds, this bowl is as satisfying as it is healthy. A drizzle of honey and a sprinkle of coconut flakes add a touch of sweetness, making it the perfect breakfast to energize you for the day ahead.", "instructions": "In a medium bowl, add the Greek yogurt as the base.\r\nTop the yogurt with the mixed berries, spreading them evenly across the top.\r\nSprinkle chia seeds over the berries and yogurt, followed by the sliced almonds and granola for crunch.\r\nDrizzle honey over the entire bowl to sweeten it slightly, and add coconut flakes if using.\r\nGarnish with fresh mint for a burst of color and extra freshness.\r\nServe immediately and enjoy this refreshing, nutrient-packed breakfast that will keep you energized all morning!", "status": 1, "categories": [11, 7, 1]}}, {"model": "nourish_home.recipe", "pk": 19, "fields": {"title": "Warming Spiced Chickpea Stew", "slug": "warming-spiced-chickpea-stew", "author": 4, "featured_image": "image/upload/v1737714100/nalldmchgqbpigus46rh.webp", "ingredients": "2 (400g) cans Canned Chickpeas, drained and rinsed\r\n2 tbsp Olive Oil\r\n1 large Onion, chopped\r\n2 medium Carrots, diced\r\n2 stalks Celery, chopped\r\n3 cloves Garlic, minced\r\n1 tsp Ground Cumin\r\n1 tsp Ground Coriander\r\n1 tsp Ground Turmeric\r\n1/2 tsp Ground Cinnamon\r\n1 (400g) can Diced Tomatoes\r\n4 cups Vegetable Broth\r\n4 cups Spinach, fresh\r\nSalt, to taste\r\nPepper, to taste\r\n2 tbsp Fresh Parsley, chopped (optional)", "cooking_time": 30, "prep_time": 10, "servings": 4, "description": "This Warming Spiced Chickpea Stew is a comforting, hearty dish thats perfect for colder days. Infused with aromatic spices like cumin, coriander, turmeric, and cinnamon, each spoonful delivers rich flavors that are both nourishing and soothing. The chickpeas provide protein and fiber, while the spinach adds a burst of greens. This stew is incredibly satisfying and will warm you from the inside out.", "instructions": "In a large pot, heat the olive oil over medium heat. Add the chopped onion, carrot, and celery. Saut for 5-7 minutes, until the vegetables are softened and the onion is translucent.\r\nAdd the minced garlic, cumin, coriander, turmeric, and cinnamon to the pot, and stir for 1-2 minutes until fragrant.\r\nStir in the diced tomatoes and vegetable broth. Bring the mixture to a boil, then reduce the heat to a simmer.\r\nAdd the chickpeas to the pot and simmer for 15-20 minutes, allowing the flavors to meld together and the stew to thicken slightly.\r\nStir in the fresh spinach and cook for an additional 2-3 minutes, until wilted.\r\nSeason with salt and pepper to taste.\r\nLadle the stew into bowls, and garnish with chopped parsley if desired.\r\nServe warm with crusty bread or over rice for a hearty meal.", "status": 1, "categories": [2, 6, 8, 11, 14]}}, {"model": "nourish_home.recipe", "pk": 20, "fields": {"title": "Vibrant Mediterranean Quinoa Salad", "slug": "vibrant-mediterranean-quinoa-salad", "author": 5, "featured_image": "image/upload/v1737714083/si9m9abxtl68vmooxfil.webp", "ingredients": "1 cup Quinoa\r\n1 large Cucumber, diced\r\n1 cup Cherry Tomatoes, halved\r\n1/2 small Red Onion, finely chopped\r\n1/4 cup Kalamata Olives, pitted and sliced\r\n1/2 cup Feta Cheese, crumbled\r\n1/4 cup Fresh Parsley, chopped\r\n2 tbsp Fresh Mint, chopped\r\n3 tbsp Olive Oil\r\n1 Lemon, juiced\r\n1 tbsp Red Wine Vinegar\r\n1 clove Garlic, minced\r\nSalt, to taste\r\nPepper, to taste", "cooking_time": 15, "prep_time": 10, "servings": 4, "description": "The Vibrant Mediterranean Quinoa Salad is an explosion of fresh, colorful ingredients that will instantly transport you to the sunny shores of the Mediterranean. Nutty quinoa, crisp cucumber, juicy cherry tomatoes, briny olives, and creamy feta combine to create a hearty yet refreshing salad. Finished with a zesty lemon dressing and herbs, this dish is perfect for a light lunch or as a side to your favorite grilled dishes.", "instructions": "Rinse the quinoa under cold water and cook according to package instructions. Once cooked, fluff with a fork and set aside to cool.\r\nWhile the quinoa is cooling, chop the cucumber, cherry tomatoes, and red onion. Slice the olives and crumble the feta cheese.\r\nIn a large mixing bowl, combine the cooled quinoa with the cucumber, tomatoes, red onion, olives, feta, parsley, and mint.\r\nIn a small bowl, whisk together the olive oil, lemon juice, red wine vinegar, minced garlic, salt, and pepper to create the dressing.\r\nPour the dressing over the salad and toss gently to combine.\r\nTaste and adjust seasoning with more salt and pepper, if needed.\r\nServe chilled or at room temperature. Enjoy this vibrant, nutrient-packed salad as a standalone meal or paired with your favorite protein.", "status": 1, "categories": [1, 3, 5, 10, 15]}}, {"model": "nourish_home.recipe", "pk": 21, "fields": {"title": "Savory Salmon with Roasted Asparagus", "slug": "savory-salmon-with-roasted-asparagus", "author": 1, "featured_image": "image/upload/v1737714063/em0z4mpeatp7zi87xamp.webp", "ingredients": "4 Salmon Fillets\r\n1 bunch Asparagus, trimmed\r\n2 tbsp Olive Oil\r\n1 Lemon, sliced\r\n2 cloves Garlic, minced\r\n1 tbsp Fresh Dill, chopped\r\nSalt, to taste\r\nPepper, to taste\r\n1 tsp Paprika\r\n2 tbsp Fresh Parsley, chopped (optional)", "cooking_time": 20, "prep_time": 10, "servings": 4, "description": "Savory Salmon with Roasted Asparagus is the ultimate healthy and flavorful meal. The tender salmon is seasoned with a delightful blend of spices, then baked to perfection. Paired with roasted asparagus, this dish is fresh, nutritious, and bursting with flavor. Its the perfect balance of savory, zesty, and aromatic elements, making it a go-to meal for any occasion.", "instructions": "Preheat the oven to 400F (200C).\r\nLine a baking sheet with parchment paper or lightly grease with olive oil.\r\nPlace the asparagus on the baking sheet, drizzle with 1 tablespoon of olive oil, and season with salt, pepper, and paprika. Toss to coat evenly and spread the asparagus in a single layer.\r\nPlace the salmon fillets on the same baking sheet or on a separate sheet, skin-side down. Drizzle with the remaining olive oil, sprinkle with salt, pepper, and minced garlic.\r\nTop each salmon fillet with a slice of lemon and a sprinkle of fresh dill.\r\nRoast the asparagus and salmon in the preheated oven for about 12-15 minutes, or until the salmon is cooked through and flakes easily with a fork and the asparagus is tender.\r\nOnce cooked, remove from the oven and garnish with fresh parsley, if desired.\r\nServe immediately and enjoy this savory, nutritious meal full of vibrant flavors!", "status": 1, "categories": [3, 5, 6, 13, 14]}}, {"model": "nourish_home.recipe", "pk": 22, "fields": {"title": "Roasted Cauliflower & Chickpea Bowl", "slug": "roasted-cauliflower-chickpea-bowl", "author": 3, "featured_image": "image/upload/v1737714046/dieq0w54svsrcu9k0tz9.webp", "ingredients": "1 medium Cauliflower, cut into florets\r\n1 can (400g) Canned Chickpeas, drained and rinsed\r\n3 tbsp Olive Oil\r\n1 tsp Ground Cumin\r\n1 tsp Ground Paprika\r\n1 tsp Garlic Powder\r\n1 tsp Ground Coriander\r\nSalt, to taste\r\nPepper, to taste\r\n2 tbsp Fresh Parsley, chopped\r\n1 Lemon, juiced\r\n2 tbsp Tahini\r\n2 tbsp Water", "cooking_time": 30, "prep_time": 10, "servings": 4, "description": "The Roasted Cauliflower &amp; Chickpea Bowl is a flavorful and satisfying plant-based meal thats both nutritious and comforting. The cauliflower is roasted to perfection, bringing out its natural sweetness, while the chickpeas are seasoned and roasted until crispy, adding crunch and depth. Topped with a creamy tahini dressing and fresh herbs, this bowl is a wholesome meal youll love.", "instructions": "Preheat the oven to 400F (200C).\r\nIn a large bowl, toss the cauliflower florets with 1 tablespoon of olive oil, cumin, paprika, garlic powder, ground coriander, salt, and pepper. Spread the cauliflower evenly on a baking sheet.\r\nIn the same bowl, toss the chickpeas with the remaining olive oil, salt, and pepper. Add them to the baking sheet with the cauliflower, ensuring theyre spread out evenly.\r\nRoast the cauliflower and chickpeas in the preheated oven for 25-30 minutes, or until the cauliflower is tender and slightly browned, and the chickpeas are crispy.\r\nWhile the cauliflower and chickpeas roast, prepare the tahini dressing. In a small bowl, whisk together the tahini, lemon juice, and water until smooth and creamy.\r\nOnce roasted, remove the cauliflower and chickpeas from the oven.\r\nTo assemble the bowls, divide the roasted cauliflower and chickpeas into serving bowls. Drizzle the tahini dressing over the top and garnish with fresh parsley.\r\nServe immediately and enjoy this hearty, nourishing bowl!", "status": 1, "categories": [2, 3, 6, 8, 14]}}, {"model": "nourish_home.recipe", "pk": 23, "fields": {"title": "Rich & Comforting Mushroom Ramen", "slug": "rich-comforting-mushroom-ramen", "author": 6, "featured_image": "image/upload/v1737714030/x8xyryxk5bvdstozn9mo.webp", "ingredients": "4 packs Ramen Noodles\r\n300g Mushrooms, sliced (shiitake or button mushrooms)\r\n4 cups Vegetable Broth\r\n3 tbsp Soy Sauce\r\n2 tbsp Sesame Oil\r\n1 inch Ginger, minced\r\n3 cloves Garlic, minced\r\n2 stalks Green Onion, chopped\r\n2 cups Spinach, fresh\r\n4 Soft-Boiled Eggs (optional)\r\n1 tbsp Toasted Sesame Seeds (optional)\r\nChili Oil, to taste (optional)", "cooking_time": 20, "prep_time": 10, "servings": 4, "description": "Rich & Comforting Mushroom Ramen is the perfect dish for a cozy night in. The earthy flavor of the mushrooms combines with the savory, umami-packed broth to create a bowl of warmth and comfort. This ramen is infused with ginger and garlic for extra depth and topped with fresh spinach, soft-boiled eggs, and sesame oil for a delightful, nourishing meal.", "instructions": "In a large pot, heat the sesame oil over medium heat. Add the minced garlic and ginger, sauting for 1-2 minutes until fragrant.\r\nAdd the sliced mushrooms and cook for 5-7 minutes until they soften and begin to release their moisture.\r\nPour in the vegetable broth and soy sauce, bringing the mixture to a simmer. Let it cook for 10-12 minutes, allowing the flavors to meld.\r\nWhile the broth is simmering, cook the ramen noodles according to package instructions. Drain and set aside.\r\nIn the last few minutes of simmering, add the fresh spinach to the broth, stirring it in until wilted.\r\nTo serve, divide the cooked noodles between four bowls. Ladle the hot broth and mushrooms over the noodles.\r\nTop each bowl with a soft-boiled egg, a sprinkle of toasted sesame seeds, and green onions. If desired, drizzle with chili oil for a spicy kick.\r\nServe immediately, and enjoy this rich and comforting ramen that's sure to warm you up from the inside out!", "status": 1, "categories": [2, 5, 6]}}, {"model": "nourish_home.recipe", "pk": 24, "fields": {"title": "Cozy Butternut Squash Soup", "slug": "cozy-butternut-squash-soup", "author": 4, "featured_image": "image/upload/v1737714010/carnvyuqqgfalt7paz6o.webp", "ingredients": "1 medium Butternut Squash, peeled, seeded, and cubed\r\n2 medium Carrots, peeled and chopped\r\n1 medium Onion, chopped\r\n3 cloves Garlic, minced\r\n4 cups Vegetable Broth\r\n1 can (400ml) Coconut Milk\r\n2 tbsp Olive Oil\r\n1 tsp Ground Ginger\r\n1/2 tsp Ground Cinnamon\r\nSalt, to taste\r\nPepper, to taste\r\n1 tbsp Fresh Sage, chopped (optional)", "cooking_time": 30, "prep_time": 10, "servings": 4, "description": "Cozy Butternut Squash Soup is the ultimate comforting dish for chilly days. The smooth, velvety texture of the butternut squash is complemented by aromatic spices like cinnamon and ginger, creating a warm, hearty soup that's both nourishing and satisfying. Finished with a touch of creamy coconut milk and fresh herbs, this soup is perfect for a cozy lunch or dinner.", "instructions": "In a large pot, heat the olive oil over medium heat. Add the chopped onion, carrots, and garlic. Saut for about 5-7 minutes, until the onion is soft and translucent.\r\nAdd the cubed butternut squash to the pot, followed by the vegetable broth, ground ginger, and cinnamon. Bring to a boil.\r\nReduce the heat and let the soup simmer for 20-25 minutes, or until the butternut squash is tender.\r\nUsing an immersion blender, blend the soup directly in the pot until smooth and creamy. If you dont have an immersion blender, carefully transfer the soup in batches to a regular blender.\r\nStir in the coconut milk, salt, and pepper, and heat through for an additional 2-3 minutes.\r\nServe the soup hot, garnished with fresh sage if desired.\r\nEnjoy this rich, velvety, and comforting soup that will warm you from the inside out!", "status": 1, "categories": [2, 3, 5, 8, 15]}}, {"model": "nourish_home.recipe", "pk": 25, "fields": {"title": "Hearty Aubergine & Tomato Stew", "slug": "hearty-aubergine-tomato-stew", "author": 5, "featured_image": "image/upload/v1737713996/vfitcidm6slhkhmrkn2d.webp", "ingredients": "2 medium Aubergines (Eggplants), cubed\r\n4 large Tomatoes, chopped\r\n1 large Red Onion, chopped\r\n3 cloves Garlic, minced\r\n3 cups Vegetable Broth\r\n2 tbsp Olive Oil\r\n1 tsp Ground Cumin\r\n1 tsp Ground Coriander\r\n1 tsp Paprika\r\n2 whole Bay Leaves\r\nSalt, to taste\r\nPepper, to taste\r\n2 tbsp Fresh Parsley, chopped (for garnish)\r\n1 Lemon, sliced (for garnish)", "cooking_time": 40, "prep_time": 10, "servings": 4, "description": "Hearty Aubergine & Tomato Stew is a nourishing, plant-based dish that combines the rich flavors of aubergine and tomatoes, infused with aromatic spices. This stew is perfect for any season, offering a savory, comforting bowl that is both filling and full of depth. The gentle simmering of the vegetables and spices creates a rich, warming broth that will leave you craving more.", "instructions": "In a large pot, heat the olive oil over medium heat. Add the chopped onion and garlic, sauting for 3-5 minutes until fragrant and softened.\r\nAdd the cubed aubergine and cook for 5-7 minutes, stirring occasionally, until it begins to soften and brown.\r\nAdd the chopped tomatoes, ground cumin, coriander, paprika, bay leaves, salt, and pepper. Stir to combine.\r\nPour in the vegetable broth and bring the mixture to a boil. Once boiling, reduce the heat to low and let it simmer uncovered for 25-30 minutes, or until the aubergine is fully tender and the stew has thickened.\r\nTaste and adjust the seasoning with more salt and pepper if necessary.\r\nServe the stew hot, garnished with fresh parsley and a slice of lemon for a burst of freshness.\r\nEnjoy this hearty and flavorful stew, perfect for a cozy meal any time of year!", "status": 1, "categories": [2, 3, 6, 8, 15]}}, {"model": "nourish_home.recipe", "pk": 26, "fields": {"title": "Crispy Gobi Manchurian Delight", "slug": "crispy-gobi-manchurian-delight", "author": 3, "featured_image": "image/upload/v1737713979/bt9glpl9lklgca5zdj8c.webp", "ingredients": "1 medium Cauliflower, cut into florets\r\n1/2 cup Cornflour (Cornstarch)\r\n1/4 cup All-Purpose Flour\r\n2 tbsp Rice Flour\r\n1/2 tsp Baking Soda\r\n1/2 cup Water\r\nSalt, to taste\r\nBlack Pepper, to taste\r\nOil, for frying\r\n1 inch Ginger, minced\r\n4 cloves Garlic, minced\r\n1 medium Green Bell Pepper, chopped\r\n1 medium Onion, chopped\r\n2 tbsp Soy Sauce\r\n2 tbsp Chili Sauce\r\n1 tbsp Ketchup\r\n1 tbsp Vinegar\r\n2 stalks Spring Onion, chopped (for garnish)\r\n1 tbsp Sesame Seeds (optional)", "cooking_time": 30, "prep_time": 15, "servings": 4, "description": "Crispy Gobi Manchurian Delight is a flavorful Indo-Chinese dish that combines the crispiness of battered and fried cauliflower with a savory, sweet, and tangy sauce. The cauliflower is perfectly fried to golden brown, then tossed in a zesty sauce made from soy sauce, chili sauce, and vinegar, creating a dish that's both addictive and satisfying. It's a wonderful appetizer or side dish to impress your guests with bold, exciting flavors.", "instructions": "In a large bowl, combine the cornflour, all-purpose flour, rice flour, baking soda, salt, and black pepper. Add the water gradually, whisking until a smooth batter forms.\r\nDip each cauliflower floret into the batter, ensuring its fully coated.\r\nHeat oil in a deep frying pan over medium heat. Fry the coated cauliflower florets in batches for 4-5 minutes, or until golden brown and crispy. Remove and drain on paper towels to remove excess oil.\r\nIn a separate pan, heat a tablespoon of oil over medium heat. Add the minced ginger and garlic, and saut for 1-2 minutes until fragrant.\r\nAdd the chopped onion and green bell pepper to the pan, cooking for another 3-4 minutes until they begin to soften.\r\nStir in the soy sauce, chili sauce, ketchup, and vinegar, letting the sauce simmer for 2-3 minutes.\r\nAdd the fried cauliflower to the sauce, tossing to coat evenly. Cook for an additional 2-3 minutes, ensuring the cauliflower is coated in the sauce.\r\nGarnish with chopped spring onions and sesame seeds.\r\nServe immediately and enjoy this crispy, tangy, and flavorful Gobi Manchurian delight!", "status": 1, "categories": [1, 2, 6, 8, 9]}}, {"model": "nourish_home.recipe", "pk": 27, "fields": {"title": "Comforting Chickpea Stew", "slug": "comforting-chickpea-stew", "author": 6, "featured_image": "image/upload/v1737713964/nhetgioik6r9dyg97djh.webp", "ingredients": "2 cups Chickpeas, cooked or 1 can, drained and rinsed\r\n2 medium Carrots, peeled and chopped\r\n2 stalks Celery, chopped\r\n1 medium Onion, chopped\r\n3 cloves Garlic, minced\r\n1 can (400g) Diced Tomatoes\r\n4 cups Vegetable Broth\r\n2 cups Spinach, fresh\r\n1 tsp Ground Cumin\r\n1 tsp Ground Coriander\r\n1/2 tsp Ground Turmeric\r\n2 tbsp Olive Oil\r\nSalt, to taste\r\nBlack Pepper, to taste\r\n1 tbsp Lemon Juice (optional for garnish)", "cooking_time": 30, "prep_time": 10, "servings": 4, "description": "Comforting Chickpea Stew is a wholesome, hearty dish that combines the earthy richness of chickpeas with a medley of vegetables and fragrant spices. This stew is perfect for warming you up on a cool day and is both filling and nutritious. With a beautiful balance of flavors from cumin, coriander, and turmeric, its a comforting meal thats easy to prepare and full of nourishment.", "instructions": "Heat olive oil in a large pot over medium heat. Add the chopped onion, carrots, and celery. Saut for 5-7 minutes, until the vegetables soften and the onion turns translucent.\r\nAdd the minced garlic, ground cumin, ground coriander, and turmeric. Cook for another minute, allowing the spices to become fragrant.\r\nPour in the diced tomatoes, vegetable broth, and chickpeas. Stir to combine, then bring the mixture to a boil.\r\nOnce boiling, reduce the heat to low and let the stew simmer for 15-20 minutes, until the vegetables are tender and the flavors have melded together.\r\nAdd the fresh spinach to the pot, stirring it in until wilted, then season with salt and black pepper to taste.\r\nIf desired, drizzle a bit of fresh lemon juice over the stew to brighten the flavors.\r\nServe hot, enjoying the comforting and nourishing warmth of this flavorful chickpea stew!", "status": 1, "categories": [2, 3, 6, 8, 9, 14]}}, {"model": "nourish_home.recipe", "pk": 28, "fields": {"title": "Irresistible Spinach & Feta Gnocchi", "slug": "irresistible-spinach-feta-gnocchi", "author": 4, "featured_image": "image/upload/v1737713949/r6nufh1dtulqpkjimeuy.webp", "ingredients": "500 g Potatoes, peeled and boiled\r\n1 cup All-Purpose Flour, plus extra for dusting\r\n1 large Egg\r\n2 cups Spinach, fresh\r\n100 g Feta Cheese, crumbled\r\n2 cloves Garlic, minced\r\n2 tbsp Olive Oil\r\n2 tbsp Butter\r\n1 tsp Lemon Zest\r\nSalt, to taste\r\nBlack Pepper, to taste", "cooking_time": 30, "prep_time": 20, "servings": 4, "description": "Irresistible Spinach & Feta Gnocchi is a perfect comfort dish that combines the pillowy softness of homemade gnocchi with the bold flavors of spinach and tangy feta. Each bite is a delightful mix of creamy cheese, fresh spinach, and the delicate fluffiness of gnocchi, all tossed in a zesty lemon butter sauce that brings everything together in a rich, mouthwatering way.", "instructions": "To make the gnocchi, start by boiling the potatoes until tender, about 15 minutes. Once boiled, mash them well and let them cool slightly.\r\nOnce the potatoes have cooled, add the flour, egg, salt, and pepper. Mix gently to form a dough, but dont overwork it. Divide the dough into portions and roll each portion into long logs, then cut them into small bite-sized pieces. Press a fork lightly into each piece to form grooves.\r\nBring a large pot of salted water to a boil. Carefully drop the gnocchi into the boiling water in batches. Once they float to the surface, remove them with a slotted spoon and set aside.\r\nIn a large pan, heat the olive oil over medium heat. Add the minced garlic and spinach, cooking until the spinach wilts, about 3 minutes.\r\nAdd the crumbled feta to the spinach mixture, then add the cooked gnocchi. Toss gently to combine.\r\nIn a separate pan, melt the butter and add lemon zest. Once the butter is sizzling and fragrant, pour it over the gnocchi and spinach mixture. Toss everything together to coat evenly in the buttery sauce.\r\nTaste and adjust the seasoning with more salt and pepper, if needed.\r\nServe immediately, garnished with additional crumbled feta if desired.", "status": 1, "categories": [1, 6, 9]}}, {"model": "nourish_home.recipe", "pk": 29, "fields": {"title": "Peanut Butter & Blueberry Chia Bowl", "slug": "peanut-butter-blueberry-chia-bowl", "author": 5, "featured_image": "image/upload/v1737713932/uuuxxxutzlnsrs6qgcmg.webp", "ingredients": "3 tbsp Chia Seeds\r\n1 cup Almond Milk (or any plant-based milk)\r\n2 tbsp Peanut Butter\r\n1/2 cup Blueberries, fresh or frozen\r\n1 medium Banana, sliced\r\n1 tbsp Maple Syrup (optional for sweetness)\r\n2 tbsp Granola (optional for topping)\r\n1 tbsp Coconut Flakes (optional for topping)", "cooking_time": 0, "prep_time": 10, "servings": 1, "description": "The Peanut Butter & Blueberry Chia Bowl is a creamy, satisfying, and nutrient-packed breakfast or snack that combines the richness of peanut butter with the natural sweetness of blueberries and bananas. Chia seeds offer a healthy dose of fiber and omega-3s, making this bowl a perfect way to start your day or fuel up during the afternoon slump. Its customizable with toppings, and the peanut butter and maple syrup add a comforting touch of sweetness to this wholesome bowl.", "instructions": "In a small bowl, combine the chia seeds and almond milk. Stir well, ensuring the chia seeds are fully immersed. Let the mixture sit in the fridge for at least 5 minutes, or preferably overnight, to allow the chia seeds to absorb the liquid and thicken into a pudding-like consistency.\r\nOnce the chia pudding is ready, add the peanut butter and maple syrup (if using) to the mixture. Stir until well combined.\r\nIn a serving bowl, layer the chia pudding mixture with fresh or frozen blueberries and sliced banana.\r\nOptional: top the bowl with granola and coconut flakes for added crunch and flavor.\r\nServe immediately and enjoy the creamy, delicious, and energizing flavors of this nourishing chia bowl!", "status": 1, "categories": [2, 3, 14, 7]}}, {"model": "nourish_home.recipe", "pk": 30, "fields": {"title": "Fresh Rice Paper Sushi Rolls", "slug": "fresh-rice-paper-sushi-rolls", "author": 5, "featured_image": "image/upload/v1737713913/hhukzc8xzc6ruu9ihkjj.webp", "ingredients": "8 sheets Rice Paper\r\n200g Cooked Shrimp, peeled and halved lengthwise (or tofu for vegan option)\r\n1 medium Cucumber, julienned\r\n1 large Carrot, julienned\r\n1 ripe Avocado, sliced\r\n1/4 cup Fresh Mint, leaves\r\n1/4 cup Fresh Cilantro, leaves\r\n1 tbsp Rice Vinegar\r\n2 tbsp Soy Sauce, for dipping\r\n1 tsp Sesame Seeds (optional, for garnish)", "cooking_time": 0, "prep_time": 20, "servings": 4, "description": "These Fresh Rice Paper Sushi Rolls are a light, refreshing, and healthy alternative to traditional sushi. Packed with vibrant vegetables, creamy avocado, and shrimp (or tofu for a vegan twist), these rolls are bursting with flavor and texture. The rice paper provides a delicate wrap, holding together the fresh ingredients for a satisfying bite. Served with a simple soy sauce dipping sauce, these rolls are perfect for a quick lunch or as a fun appetizer for guests.", "instructions": "Prepare all the ingredients: julienne the cucumber and carrot, slice the avocado, and chop the fresh mint and cilantro leaves. Halve the shrimp lengthwise if using, or prepare tofu if making a vegan version.\r\nFill a shallow bowl with warm water. Dip one rice paper sheet into the water for about 5-10 seconds, until it softens but is still slightly firm to the touch.\r\nLay the softened rice paper flat on a clean surface. In the center of the rice paper, arrange a small handful of cucumber, carrot, avocado slices, and a few shrimp halves (or tofu). Sprinkle with a few mint and cilantro leaves.\r\nFold the sides of the rice paper in, then gently roll up the rice paper from the bottom, making sure the filling stays tight but not too cramped. Repeat the process with the remaining rice paper sheets and fillings.\r\nOptional: sprinkle the finished rolls with sesame seeds for a bit of crunch and flavor.\r\nSlice each roll into bite-sized pieces, serve with soy sauce for dipping, and enjoy these refreshing, flavorful sushi rolls!", "status": 1, "categories": [9, 2, 3, 5]}}, {"model": "nourish_home.recipe", "pk": 31, "fields": {"title": "Tangy Tomato Mini Bruschetta", "slug": "tangy-tomato-mini-bruschetta", "author": 1, "featured_image": "image/upload/v1737713895/vdotsesmqemn2vp37vkg.webp", "ingredients": "1 small Baguette, sliced into 12-15 pieces\r\n2 cups Cherry Tomatoes, halved\r\n1/4 cup Fresh Basil, chopped\r\n2 cloves Garlic, minced\r\n2 tbsp Balsamic Vinegar\r\n2 tbsp Olive Oil, plus extra for brushing\r\nSalt, to taste\r\nBlack Pepper, to taste", "cooking_time": 10, "prep_time": 10, "servings": 4, "description": "Tangy Tomato Mini Bruschetta is a fresh and vibrant appetizer thats bursting with flavor. The juicy cherry tomatoes and aromatic basil are perfectly complemented by a splash of tangy balsamic vinegar and the rich depth of olive oil. Served on crisp, golden-brown baguette slices, these bite-sized treats are a crowd-pleasing snack or appetizer that will impress your guests with their simplicity and vibrant taste.", "instructions": "Preheat your oven to 375F (190C).\r\nLay the baguette slices on a baking sheet and lightly brush each piece with olive oil. Toast in the oven for about 5-7 minutes, until golden brown and crispy.\r\nWhile the bread is toasting, prepare the topping. In a medium bowl, combine the halved cherry tomatoes, chopped basil, minced garlic, balsamic vinegar, olive oil, salt, and black pepper. Mix well to combine, allowing the flavors to meld.\r\nOnce the baguette slices are toasted, remove them from the oven and let them cool slightly.\r\nSpoon the tomato mixture onto each toasted bread slice, ensuring each bite is full of vibrant, tangy goodness.\r\nServe immediately and enjoy the bright, fresh flavors of these mini bruschetta!", "status": 1, "categories": [1, 5, 6, 9]}}, {"model": "nourish_home.recipe", "pk": 32, "fields": {"title": "Classic Pad Thai at Home", "slug": "classic-pad-thai-at-home", "author": 3, "featured_image": "image/upload/v1737713882/cfvqj41bsdihpis3ntju.webp", "ingredients": "200 g Rice Noodles\r\n1 medium Chicken Breast, sliced thinly (or tofu for vegan option)\r\n2 large Eggs\r\n2 cloves Garlic, minced\r\n1 small Shallot, finely chopped\r\n1 cup Bean Sprouts\r\n2 stalks Green Onion, chopped\r\n1/4 cup Peanuts, crushed (optional for topping)\r\n1 Lime, cut into wedges\r\n1/4 cup Cilantro, chopped (optional for garnish)\r\n2 tbsp Soy Sauce\r\n2 tbsp Fish Sauce\r\n1 tbsp Tamarind Paste\r\n1 tbsp Sugar\r\n1/2 tsp Chili Flakes (optional for heat)\r\n2 tbsp Vegetable Oil", "cooking_time": 15, "prep_time": 15, "servings": 2, "description": "Classic Pad Thai at Home brings the bold, vibrant flavors of Thailand straight to your kitchen. This dish features tender rice noodles stir-fried with fresh vegetables, eggs, and a savory combination of soy sauce, fish sauce, tamarind, and a touch of sweetness. With the addition of chicken (or tofu for a vegan twist), crunchy peanuts, and zesty lime, every bite is a delightful explosion of taste and texture. Its quick to make and incredibly satisfying!", "instructions": "Cook the rice noodles according to package instructions, drain, and set aside.\r\nIn a small bowl, mix together the soy sauce, fish sauce, tamarind paste, sugar, and chili flakes (if using) to create the Pad Thai sauce. Set aside.\r\nHeat 1 tablespoon of vegetable oil in a large pan or wok over medium-high heat. Add the sliced chicken (or tofu) and cook for 4-5 minutes until browned and cooked through. Remove from the pan and set aside.\r\nIn the same pan, add the remaining tablespoon of vegetable oil. Add the garlic and shallot, sauting for 1-2 minutes until fragrant.\r\nPush the garlic and shallots to the side of the pan, crack the eggs into the empty space, and scramble them for 2-3 minutes until cooked through.\r\nAdd the cooked rice noodles to the pan and pour in the Pad Thai sauce. Toss everything together to combine. Add the cooked chicken (or tofu) back to the pan, along with the bean sprouts and half of the green onions. Stir-fry for 2-3 minutes until everything is well coated and heated through.\r\nServe the Pad Thai with a sprinkle of crushed peanuts, the remaining green onions, cilantro (optional), and lime wedges on the side. Enjoy your homemade, flavorful Pad Thai!", "status": 1, "categories": [3, 12, 5, 6]}}, {"model": "nourish_home.recipe", "pk": 33, "fields": {"title": "Rustic Italian Borlotti Bean Soup", "slug": "rustic-italian-borlotti-bean-soup", "author": 6, "featured_image": "image/upload/v1737713855/oncqvna6oxuevg5ttl05.webp", "ingredients": "200 g Borlotti Beans, dried (or 400g canned, drained and rinsed)\r\n2 tbsp Olive Oil\r\n1 medium Yellow Onion, chopped\r\n1 medium Carrot, chopped\r\n2 Celery Stalks, chopped\r\n3 cloves Garlic, minced\r\n2 medium Tomatoes, diced (or 1 can of chopped tomatoes)\r\n1 liter Vegetable Broth\r\n2 whole Bay Leaves\r\n1 tbsp Fresh Thyme, chopped\r\nSalt, to taste\r\nBlack Pepper, to taste\r\n2 tbsp Fresh Parsley, chopped (for garnish)", "cooking_time": 40, "prep_time": 10, "servings": 4, "description": "Rustic Italian Borlotti Bean Soup is a heartwarming, soul-satisfying dish packed with the earthy flavor of borlotti beans, fresh vegetables, and fragrant herbs. This classic Italian soup is perfect for any season, offering a nourishing and wholesome meal thats simple to prepare yet incredibly rich in flavor. The tender beans and vegetables simmered in a savory broth will leave you feeling comforted and satisfied.", "instructions": "If using dried borlotti beans, soak them in water overnight or for at least 8 hours, then drain and rinse. If using canned beans, simply drain and rinse them.\r\nHeat the olive oil in a large pot over medium heat. Add the chopped onion, carrot, and celery. Saut for 5-7 minutes until the vegetables soften and the onion becomes translucent.\r\nAdd the minced garlic and cook for another 1-2 minutes until fragrant.\r\nAdd the diced tomatoes (or canned tomatoes), vegetable broth, bay leaves, fresh thyme, and the soaked or canned borlotti beans. Stir to combine, then bring the soup to a boil.\r\nOnce boiling, reduce the heat to low and let the soup simmer for 30-40 minutes, or until the beans are tender and the flavors are well blended. If the soup becomes too thick, add a little water to reach your desired consistency.\r\nSeason with salt and black pepper to taste.\r\nServe the soup hot, garnished with fresh parsley for a burst of color and freshness. Enjoy the comforting, rustic flavors of Italy in every spoonful!", "status": 1, "categories": [2, 5, 6, 8, 11]}}, {"model": "nourish_home.recipe", "pk": 34, "fields": {"title": "Nourishing Vegetarian Ramen", "slug": "nourishing-vegetarian-ramen", "author": 4, "featured_image": "image/upload/v1737713832/zo43qtrlqs8yypp9kjch.webp", "ingredients": "200 g Ramen Noodles\r\n300 g Mixed Mushrooms, sliced (shiitake, button, or cremini)\r\n1 liter Vegetable Broth\r\n3 cloves Garlic, minced\r\n1-inch piece Ginger, grated\r\n2 tbsp Soy Sauce\r\n1 tbsp Sesame Oil\r\n2 stalks Green Onion, chopped\r\n2 cups Spinach, fresh\r\n2 Soft-Boiled Eggs, optional, halved\r\n1 tsp Sesame Seeds, for garnish\r\n1 tsp Chili Oil, optional, for heat", "cooking_time": 20, "prep_time": 10, "servings": 2, "description": "Nourishing Vegetarian Ramen is a comforting, wholesome dish filled with earthy mushrooms, tender ramen noodles, and a rich, flavorful broth. Packed with umami and a hint of heat, this ramen is a perfect combination of textures and flavors. The vibrant spinach, soft-boiled eggs, and sesame seeds add depth and freshness, making it a truly nourishing bowl of goodness, ideal for any day of the week.", "instructions": "Cook the ramen noodles according to the package instructions. Drain and set aside, reserving a little of the cooking water.\r\nIn a large pot, heat the sesame oil over medium heat. Add the garlic and ginger, sauting for 1-2 minutes until fragrant.\r\nAdd the sliced mushrooms to the pot and cook for 5-7 minutes, stirring occasionally, until they release their juices and become tender.\r\nPour in the vegetable broth and soy sauce, stirring to combine. Bring the broth to a simmer and cook for 5 minutes to allow the flavors to meld.\r\nAdd the spinach to the broth and stir until wilted. Taste and adjust the seasoning with salt or soy sauce if needed.\r\nDivide the cooked ramen noodles into bowls. Pour the mushroom broth over the noodles.\r\nTop each bowl with a soft-boiled egg (if using), green onions, sesame seeds, and a drizzle of chili oil for an extra kick.\r\nServe hot and enjoy this nourishing, soul-satisfying vegetarian ramen!", "status": 1, "categories": [1, 5, 6]}}, {"model": "nourish_home.recipe", "pk": 35, "fields": {"title": "Savory Garden Vegetable Quiche", "slug": "savory-garden-vegetable-quiche", "author": 5, "featured_image": "image/upload/v1737713812/v58svue6izp9cbr1betg.webp", "ingredients": "1 (9-inch) Pre-made Pie Crust\r\n4 large Eggs\r\n1/2 cup Heavy Cream\r\n1/2 cup Milk\r\n1 medium Zucchini, grated\r\n1 small Red Bell Pepper, chopped\r\n2 cups fresh Spinach, chopped\r\n1 small Shallot, finely chopped\r\n2 cloves Garlic, minced\r\n1 cup Cheddar Cheese, shredded\r\n1/4 cup Parmesan Cheese, grated\r\n1 tbsp Olive Oil\r\nSalt, to taste\r\nBlack Pepper, to taste", "cooking_time": 35, "prep_time": 15, "servings": 6, "description": "Savory Garden Vegetable Quiche is a comforting, flavorful dish packed with fresh, garden-inspired vegetables. The creamy, rich egg mixture is complemented by the sweetness of sauted bell pepper, zucchini, and spinach. With a flaky crust and the perfect balance of cheeses, this quiche is ideal for brunch, lunch, or a light dinner. Its vibrant, fresh flavors make it a nourishing meal the whole family will love.", "instructions": "Preheat your oven to 375F (190C).\r\nIn a skillet, heat the olive oil over medium heat. Add the chopped shallot, garlic, and red bell pepper. Saut for 3-4 minutes until softened. Add the grated zucchini and chopped spinach, cooking for another 2-3 minutes until the spinach wilts and the zucchini releases its moisture. Remove from heat and set aside.\r\nIn a large bowl, whisk together the eggs, heavy cream, milk, salt, and black pepper until smooth. Stir in the shredded cheddar cheese and grated parmesan cheese.\r\nAdd the sauted vegetables to the egg mixture, folding them in gently.\r\nPour the mixture into the pre-made pie crust, spreading it evenly.\r\nBake the quiche in the preheated oven for 30-35 minutes, or until the top is golden and a knife inserted into the center comes out clean.\r\nLet the quiche cool for 5 minutes before slicing. Serve warm and enjoy the savory goodness of this garden-fresh quiche!", "status": 1, "categories": [1, 5, 6, 10, 11]}}, {"model": "nourish_home.recipe", "pk": 36, "fields": {"title": "Flaky Broccoli Spanakopita", "slug": "flaky-broccoli-spanakopita", "author": 1, "featured_image": "image/upload/v1737713791/obwqikymh7obzm86kz86.webp", "ingredients": "1 package (thawed) Frozen Phyllo Dough\r\n1 head Broccoli, chopped into small florets\r\n3 cups fresh Spinach, chopped\r\n200 g Feta Cheese, crumbled\r\n1/2 cup Ricotta Cheese\r\n1 medium Onion, finely chopped\r\n2 cloves Garlic, minced\r\n3 tbsp Olive Oil, divided\r\n1 large Egg, beaten\r\n1 tsp Lemon Zest\r\n1 tsp Dried Oregano\r\nSalt, to taste\r\nBlack Pepper, to taste", "cooking_time": 30, "prep_time": 15, "servings": 6, "description": "Flaky Broccoli Spanakopita combines the goodness of fresh spinach and tender broccoli wrapped in delicate layers of crispy phyllo dough. With the creamy richness of feta and ricotta cheeses and the aromatic touch of garlic, lemon zest, and oregano, this spanakopita is a perfect balance of flavors. Whether served as a savory snack or a light meal, its a healthy, satisfying dish that will delight your taste buds.", "instructions": "Preheat your oven to 375F (190C).\r\nHeat 1 tablespoon of olive oil in a large pan over medium heat. Add the chopped onion and garlic, sauting for 3-4 minutes until softened and fragrant.\r\nAdd the broccoli florets and cook for another 5-7 minutes until tender but still bright green. Stir in the spinach and cook for an additional 2-3 minutes until wilted. Remove from heat and let the mixture cool slightly.\r\nIn a large bowl, combine the sauted vegetables with the crumbled feta, ricotta cheese, beaten egg, lemon zest, oregano, salt, and black pepper. Stir until well combined.\r\nBrush a baking dish with a tablespoon of olive oil. Lay one sheet of phyllo dough into the dish, brushing it with olive oil, and repeat this process, layering and brushing each sheet until you have 5-6 layers.\r\nSpread the vegetable and cheese mixture evenly over the phyllo dough.\r\nContinue layering and brushing phyllo dough sheets over the filling, using 5-6 more sheets to cover the top. Tuck in the edges to seal the filling inside.\r\nBrush the top layer with the remaining tablespoon of olive oil.\r\nBake in the preheated oven for 25-30 minutes, or until the phyllo dough is golden brown and crispy.\r\nAllow the spanakopita to cool for a few minutes before slicing into squares or wedges. Serve warm and enjoy the flaky, cheesy goodness!", "status": 1, "categories": [1, 5, 6, 9, 10]}}, {"model": "nourish_home.recipe", "pk": 37, "fields": {"title": "Zesty Couscous with Peppers & Beans", "slug": "zesty-couscous-with-peppers-beans", "author": 3, "featured_image": "image/upload/v1737713772/tvwuwtdy3goaeqmaqnqo.webp", "ingredients": "1 cup Couscous\r\n2 tbsp Olive Oil\r\n1 medium Red Bell Pepper, chopped\r\n1 medium Yellow Bell Pepper, chopped\r\n2 cloves Garlic, minced\r\n1 can (400g) Canned Chickpeas, drained and rinsed\r\n1 can (400g) Canned Kidney Beans, drained and rinsed\r\n1 cup Cherry Tomatoes, halved\r\n2 tbsp Lemon Juice\r\n1 tsp Cumin\r\n1 tsp Paprika\r\nSalt, to taste\r\nBlack Pepper, to taste\r\n2 tbsp Fresh Parsley, chopped for garnish", "cooking_time": 15, "prep_time": 10, "servings": 4, "description": "Zesty Couscous with Peppers & Beans is a vibrant, flavorful dish bursting with colorful vegetables and hearty legumes. The combination of tender couscous, sweet bell peppers, tangy lemon, and aromatic spices creates a satisfying meal thats both refreshing and nourishing. With a punch of cumin and paprika, this dish is an ideal choice for a quick, nutritious lunch or dinner thats full of bright flavors.", "instructions": "In a medium pot, bring 1 cup of water to a boil. Stir in the couscous, cover, and remove from heat. Let it sit for 5 minutes until the couscous absorbs the water, then fluff with a fork.\r\nWhile the couscous is cooking, heat the olive oil in a large skillet over medium heat. Add the chopped red and yellow bell peppers and saut for 4-5 minutes until they begin to soften.\r\nAdd the minced garlic to the skillet and saut for another 1 minute until fragrant.\r\nStir in the chickpeas, kidney beans, and cherry tomatoes. Cook for an additional 3-4 minutes until the tomatoes start to soften.\r\nSprinkle in the cumin, paprika, salt, and black pepper. Stir well to combine and heat through.\r\nRemove from heat and add the lemon juice, stirring to incorporate.\r\nAdd the cooked couscous to the skillet with the vegetable and bean mixture. Toss everything together until the couscous is evenly coated in the flavorful mix.\r\nGarnish with fresh parsley and serve warm or at room temperature. Enjoy this zesty, vibrant couscous dish as a complete meal or a side!", "status": 1, "categories": [2, 5, 6, 8, 10]}}, {"model": "nourish_home.recipe", "pk": 38, "fields": {"title": "Fluffy Pancakes with Fresh Fruit", "slug": "fluffy-pancakes-with-fresh-fruit", "author": 6, "featured_image": "image/upload/v1737713755/l8l6xtikodrmrirxpn3d.webp", "ingredients": "1 1/2 cups All-Purpose Flour\r\n2 tsp Baking Powder\r\n2 tbsp Sugar\r\n1/2 tsp Salt\r\n1 large Egg\r\n1 1/4 cups Milk\r\n2 tbsp Butter, melted\r\n1 tsp Vanilla Extract\r\n1 cup Fresh Strawberries, sliced\r\n1 cup Fresh Blueberries\r\n1 medium Banana, sliced\r\nMaple Syrup, to taste (optional, for serving)", "cooking_time": 10, "prep_time": 5, "servings": 4, "description": "Fluffy Pancakes with Fresh Fruit are the perfect way to start your morning with a burst of flavor and energy. These light, airy pancakes are a delightful treat when topped with a colorful array of fresh fruit and a drizzle of maple syrup. The sweet strawberries, blueberries, and banana slices complement the soft, pillowy pancakes, creating a wholesome and satisfying breakfast or brunch.", "instructions": "In a medium bowl, whisk together the all-purpose flour, baking powder, sugar, and salt.\r\nIn a separate bowl, beat the egg, then add the milk, melted butter, and vanilla extract. Stir until the wet ingredients are combined.\r\nPour the wet ingredients into the dry ingredients and stir gently until just combined. Be careful not to overmix; the batter should still have some lumps.\r\nHeat a griddle or large non-stick skillet over medium heat and lightly grease with a bit of butter or cooking spray.\r\nPour about 1/4 cup of batter onto the griddle for each pancake. Cook for 2-3 minutes until bubbles form on the surface, then flip and cook for another 1-2 minutes until golden brown and cooked through.\r\nRepeat with the remaining batter, keeping the pancakes warm by covering them with a clean kitchen towel.\r\nServe the pancakes topped with fresh strawberries, blueberries, and banana slices. Drizzle with maple syrup if desired. Enjoy your fluffy, fruity breakfast!", "status": 1, "categories": [1, 5, 7]}}, {"model": "nourish_home.comment", "pk": 25, "fields": {"recipe": 6, "author": 3, "body": "This looks delicious!", "approved": true, "created_on": "2025-01-23T10:30:35.211Z"}}, {"model": "nourish_home.comment", "pk": 31, "fields": {"recipe": 12, "author": 1, "body": "This looks great!", "approved": true, "created_on": "2025-01-23T12:07:28.505Z"}}, {"model": "nourish_home.comment", "pk": 32, "fields": {"recipe": 7, "author": 6, "body": "Looks like a great breakfast!", "approved": true, "created_on": "2025-01-23T12:10:21.643Z"}}, {"model": "nourish_home.comment", "pk": 50, "fields": {"recipe": 6, "author": 10, "body": "Wow, what a lovely recipe :)", "approved": true, "created_on": "2025-01-26T12:07:04.796Z"}}, {"model": "nourish_home.comment", "pk": 51, "fields": {"recipe": 12, "author": 10, "body": "Yummy!", "approved": true, "created_on": "2025-01-26T12:07:31.354Z"}}, {"model": "nourish_home.comment", "pk": 52, "fields": {"recipe": 13, "author": 7, "body": "This recipe looks absolutely delicious! Can't wait to try it out this weekend.", "approved": true, "created_on": "2025-01-26T15:09:24.185Z"}}, {"model": "nourish_home.comment", "pk": 53, "fields": {"recipe": 15, "author": 8, "body": "This is exactly the kind of dish I was looking for. Perfect for a quick and healthy meal.", "approved": true, "created_on": "2025-01-26T15:20:34.902Z"}}, {"model": "nourish_home.comment", "pk": 54, "fields": {"recipe": 25, "author": 5, "body": "I made this last night, and it was a huge hit with my family. Definitely adding it to our weekly rotation!", "approved": true, "created_on": "2025-01-26T15:20:56.232Z"}}, {"model": "nourish_home.comment", "pk": 55, "fields": {"recipe": 24, "author": 7, "body": "I love how simple and easy-to-follow the instructions are. Thank you for sharing!", "approved": true, "created_on": "2025-01-26T15:21:26.338Z"}}, {"model": "nourish_home.comment", "pk": 56, "fields": {"recipe": 16, "author": 8, "body": "The step-by-step guide was super helpful. Do you have a similar recipe with a different protein?", "approved": true, "created_on": "2025-01-26T15:22:11.270Z"}}, {"model": "nourish_home.comment", "pk": 57, "fields": {"recipe": 26, "author": 4, "body": "Wow, the flavor combinations here are genius. I can't wait to wow my guests with this!", "approved": true, "created_on": "2025-01-26T15:22:33.898Z"}}, {"model": "nourish_home.comment", "pk": 58, "fields": {"recipe": 6, "author": 8, "body": "Tried this today, and it turned out amazing!", "approved": true, "created_on": "2025-01-26T15:23:23.694Z"}}, {"model": "nourish_home.comment", "pk": 60, "fields": {"recipe": 18, "author": 1, "body": "Such a delicious breakfast idea", "approved": true, "created_on": "2025-01-27T11:15:23.545Z"}}]